date,temp_om,location,temp_ms
2019-01-01,27.9875,accra,29.6
2019-01-02,27.804166666666664,accra,28.7
2019-01-03,27.891666666666666,accra,28.8
2019-01-04,27.72083333333333,accra,29.3
2019-01-05,27.6375,accra,29.7
2019-01-06,27.65833333333333,accra,29.0
2019-01-07,27.4875,accra,28.1
2019-01-08,27.59166666666667,accra,28.3
2019-01-09,27.329166666666666,accra,28.2
2019-01-10,27.7375,accra,28.6
2019-01-11,27.5625,accra,28.9
2019-01-12,27.825,accra,29.1
2019-01-13,27.804166666666664,accra,29.3
2019-01-14,27.870833333333334,accra,29.4
2019-01-15,27.8,accra,29.2
2019-01-16,28.02916666666667,accra,29.3
2019-01-17,27.670833333333334,accra,28.6
2019-01-18,27.837500000000002,accra,28.4
2019-01-19,28.058333333333334,accra,29.0
2019-01-20,27.941666666666666,accra,28.8
2019-01-21,28.15416666666667,accra,28.6
2019-01-22,27.958333333333332,accra,28.4
2019-01-23,28.058333333333334,accra,28.6
2019-01-24,27.46666666666667,accra,28.5
2019-01-25,27.075,accra,28.7
2019-01-26,27.641666666666666,accra,29.1
2019-01-27,27.866666666666664,accra,28.4
2019-01-28,27.40416666666667,accra,28.7
2019-01-29,27.71666666666667,accra,29.1
2019-01-30,27.495833333333334,accra,27.8
2019-01-31,27.820833333333336,accra,28.6
2019-02-01,27.962500000000002,accra,29.0
2019-02-02,27.337500000000002,accra,28.4
2019-02-03,27.358333333333334,accra,27.9
2019-02-04,28.02916666666667,accra,28.9
2019-02-05,28.008333333333336,accra,28.9
2019-02-06,27.929166666666664,accra,29.2
2019-02-07,28.208333333333332,accra,28.9
2019-02-08,28.379166666666666,accra,28.9
2019-02-09,28.354166666666668,accra,29.2
2019-02-10,28.179166666666664,accra,29.1
2019-02-11,28.754166666666666,accra,29.6
2019-02-12,28.724999999999998,accra,29.4
2019-02-13,28.40416666666667,accra,29.4
2019-02-14,28.441666666666666,accra,29.7
2019-02-15,28.516666666666666,accra,29.9
2019-02-16,28.558333333333334,accra,29.8
2019-02-17,28.7625,accra,30.1
2019-02-18,28.724999999999998,accra,29.8
2019-02-19,28.104166666666668,accra,27.4
2019-02-20,28.670833333333334,accra,28.4
2019-02-21,28.84583333333333,accra,28.2
2019-02-22,29.03333333333333,accra,29.3
2019-02-23,28.929166666666664,accra,29.7
2019-02-24,28.275000000000002,accra,29.4
2019-02-25,27.65416666666667,accra,28.5
2019-02-26,27.870833333333334,accra,28.7
2019-02-27,27.75,accra,29.0
2019-02-28,27.954166666666666,accra,28.2
2019-03-01,26.46666666666667,accra,26.4
2019-03-02,27.308333333333334,accra,27.8
2019-03-03,27.704166666666666,accra,28.6
2019-03-04,28.1125,accra,29.2
2019-03-05,28.47083333333333,accra,29.0
2019-03-06,28.787499999999998,accra,28.8
2019-03-07,28.558333333333334,accra,27.9
2019-03-08,28.224999999999998,accra,29.3
2019-03-09,28.28333333333333,accra,29.7
2019-03-10,28.270833333333332,accra,29.4
2019-03-11,28.666666666666668,accra,30.1
2019-03-12,29.099999999999998,accra,30.9
2019-03-13,29.316666666666666,accra,29.4
2019-03-14,29.1125,accra,29.9
2019-03-15,28.849999999999998,accra,29.1
2019-03-16,28.920833333333334,accra,30.2
2019-03-17,28.71666666666667,accra,29.3
2019-03-18,28.679166666666664,accra,28.8
2019-03-19,28.900000000000002,accra,29.8
2019-03-20,28.816666666666666,accra,29.8
2019-03-21,28.233333333333334,accra,29.9
2019-03-22,28.070833333333336,accra,27.6
2019-03-23,28.0625,accra,28.9
2019-03-24,28.370833333333334,accra,28.9
2019-03-25,28.045833333333334,accra,28.2
2019-03-26,27.795833333333334,accra,29.3
2019-03-27,28.40833333333333,accra,29.5
2019-03-28,28.95,accra,29.4
2019-03-29,28.462500000000002,accra,30.2
2019-03-30,28.224999999999998,accra,30.1
2019-03-31,28.416666666666668,accra,30.0
2019-04-01,28.708333333333332,accra,29.8
2019-04-02,28.724999999999998,accra,30.2
2019-04-03,29.0,accra,30.3
2019-04-04,29.099999999999998,accra,29.9
2019-04-05,28.4375,accra,28.6
2019-04-06,29.275000000000002,accra,29.4
2019-04-07,28.770833333333332,accra,28.6
2019-04-08,27.525000000000002,accra,27.8
2019-04-09,27.358333333333334,accra,28.7
2019-04-10,27.59583333333333,accra,29.4
2019-04-11,26.9875,accra,27.6
2019-04-12,27.229166666666668,accra,28.0
2019-04-13,27.53333333333333,accra,28.4
2019-04-14,27.391666666666666,accra,27.8
2019-04-15,26.945833333333336,accra,27.0
2019-04-16,27.7625,accra,29.1
2019-04-17,28.175,accra,29.4
2019-04-18,28.045833333333334,accra,28.6
2019-04-19,28.133333333333336,accra,29.2
2019-04-20,28.308333333333334,accra,29.2
2019-04-21,28.866666666666664,accra,29.3
2019-04-22,28.724999999999998,accra,29.4
2019-04-23,28.325,accra,29.6
2019-04-24,27.808333333333334,accra,28.9
2019-04-25,28.1125,accra,29.1
2019-04-26,27.991666666666664,accra,29.2
2019-04-27,28.045833333333334,accra,29.1
2019-04-28,28.483333333333334,accra,29.8
2019-04-29,28.5125,accra,29.8
2019-04-30,28.34583333333333,accra,29.7
2019-05-01,27.858333333333334,accra,27.6
2019-05-02,27.879166666666666,accra,28.9
2019-05-03,27.945833333333336,accra,29.3
2019-05-04,27.429166666666664,accra,27.2
2019-05-05,28.270833333333332,accra,28.8
2019-05-06,28.925,accra,29.6
2019-05-07,29.0,accra,29.0
2019-05-08,28.258333333333336,accra,29.6
2019-05-09,28.229166666666668,accra,28.9
2019-05-10,27.349999999999998,accra,27.5
2019-05-11,27.1375,accra,27.8
2019-05-12,27.420833333333334,accra,28.6
2019-05-13,27.84583333333333,accra,26.1
2019-05-14,27.329166666666666,accra,27.6
2019-05-15,26.65833333333333,accra,27.1
2019-05-16,26.108333333333334,accra,27.5
2019-05-17,27.041666666666668,accra,28.4
2019-05-18,27.97083333333333,accra,29.1
2019-05-19,27.5,accra,28.9
2019-05-20,26.354166666666668,accra,25.4
2019-05-21,26.6875,accra,26.9
2019-05-22,27.179166666666664,accra,27.8
2019-05-23,27.195833333333336,accra,28.6
2019-05-24,27.537499999999998,accra,28.0
2019-05-25,26.916666666666668,accra,28.2
2019-05-26,27.016666666666666,accra,28.2
2019-05-27,26.075,accra,26.7
2019-05-28,26.95,accra,27.7
2019-05-29,27.0625,accra,26.5
2019-05-30,26.170833333333334,accra,27.1
2019-05-31,25.304166666666664,accra,26.1
2019-06-01,25.90416666666667,accra,26.5
2019-06-02,26.545833333333334,accra,27.4
2019-06-03,26.495833333333334,accra,27.7
2019-06-04,26.066666666666666,accra,26.6
2019-06-05,26.22083333333333,accra,27.1
2019-06-06,26.166666666666668,accra,26.9
2019-06-07,25.53333333333333,accra,24.2
2019-06-08,25.916666666666668,accra,26.8
2019-06-09,26.099999999999998,accra,26.9
2019-06-10,25.97083333333333,accra,26.9
2019-06-11,25.77916666666667,accra,26.4
2019-06-12,25.891666666666666,accra,27.3
2019-06-13,25.962500000000002,accra,26.9
2019-06-14,25.058333333333334,accra,26.4
2019-06-15,25.47083333333333,accra,27.1
2019-06-16,25.433333333333334,accra,27.2
2019-06-17,25.525000000000002,accra,27.5
2019-06-18,25.587500000000002,accra,27.6
2019-06-19,25.912499999999998,accra,27.9
2019-06-20,25.991666666666664,accra,27.2
2019-06-21,25.945833333333336,accra,27.3
2019-06-22,26.087500000000002,accra,27.1
2019-06-23,25.691666666666666,accra,25.6
2019-06-24,25.65416666666667,accra,26.0
2019-06-25,24.53333333333333,accra,23.5
2019-06-26,24.604166666666668,accra,25.8
2019-06-27,24.849999999999998,accra,26.2
2019-06-28,24.745833333333334,accra,26.3
2019-06-29,24.78333333333333,accra,26.3
2019-06-30,24.962500000000002,accra,26.4
2019-07-01,25.204166666666666,accra,26.8
2019-07-02,25.416666666666668,accra,26.9
2019-07-03,25.46666666666667,accra,26.7
2019-07-04,25.5125,accra,26.3
2019-07-05,25.270833333333332,accra,26.5
2019-07-06,25.27916666666667,accra,26.1
2019-07-07,25.412499999999998,accra,26.6
2019-07-08,24.59583333333333,accra,24.5
2019-07-09,24.745833333333334,accra,25.3
2019-07-10,24.579166666666666,accra,25.4
2019-07-11,24.7375,accra,25.7
2019-07-12,23.96666666666667,accra,25.4
2019-07-13,24.1375,accra,25.8
2019-07-14,24.28333333333333,accra,25.9
2019-07-15,24.59166666666667,accra,25.5
2019-07-16,24.795833333333334,accra,26.0
2019-07-17,24.954166666666666,accra,26.2
2019-07-18,24.84166666666667,accra,26.1
2019-07-19,24.916666666666668,accra,25.8
2019-07-20,24.662499999999998,accra,25.6
2019-07-21,24.59583333333333,accra,25.8
2019-07-22,24.604166666666668,accra,25.9
2019-07-23,24.495833333333334,accra,25.9
2019-07-24,24.608333333333334,accra,26.1
2019-07-25,24.954166666666666,accra,26.2
2019-07-26,24.979166666666668,accra,26.1
2019-07-27,24.933333333333334,accra,25.8
2019-07-28,24.895833333333332,accra,25.8
2019-07-29,24.90416666666667,accra,25.8
2019-07-30,24.795833333333334,accra,25.7
2019-07-31,24.729166666666668,accra,25.8
2019-08-01,24.916666666666668,accra,26.0
2019-08-02,24.358333333333334,accra,25.8
2019-08-03,24.337500000000002,accra,25.7
2019-08-04,24.066666666666666,accra,25.5
2019-08-05,24.21666666666667,accra,25.8
2019-08-06,24.3875,accra,25.8
2019-08-07,24.379166666666666,accra,25.3
2019-08-08,24.858333333333334,accra,25.6
2019-08-09,24.5625,accra,25.1
2019-08-10,24.474999999999998,accra,25.2
2019-08-11,24.52916666666667,accra,25.6
2019-08-12,24.349999999999998,accra,25.0
2019-08-13,24.766666666666666,accra,25.4
2019-08-14,24.662499999999998,accra,25.6
2019-08-15,24.7625,accra,25.9
2019-08-16,25.05,accra,25.9
2019-08-17,24.854166666666668,accra,26.2
2019-08-18,25.075,accra,26.2
2019-08-19,25.2,accra,25.8
2019-08-20,25.212500000000002,accra,25.8
2019-08-21,25.108333333333334,accra,25.6
2019-08-22,25.675,accra,25.9
2019-08-23,25.05,accra,24.9
2019-08-24,24.883333333333336,accra,25.3
2019-08-25,24.816666666666666,accra,25.1
2019-08-26,24.77916666666667,accra,25.6
2019-08-27,25.108333333333334,accra,25.9
2019-08-28,25.145833333333332,accra,26.2
2019-08-29,25.395833333333332,accra,26.2
2019-08-30,25.958333333333332,accra,26.2
2019-08-31,24.724999999999998,accra,25.9
2019-09-01,24.745833333333334,accra,25.3
2019-09-02,24.7625,accra,25.7
2019-09-03,25.03333333333333,accra,26.6
2019-09-04,25.075,accra,26.5
2019-09-05,25.241666666666664,accra,26.4
2019-09-06,25.46666666666667,accra,26.1
2019-09-07,24.929166666666664,accra,25.4
2019-09-08,24.95,accra,25.9
2019-09-09,24.891666666666666,accra,25.7
2019-09-10,25.087500000000002,accra,26.2
2019-09-11,25.308333333333334,accra,26.4
2019-09-12,24.508333333333336,accra,26.1
2019-09-13,24.558333333333334,accra,25.8
2019-09-14,24.866666666666664,accra,26.3
2019-09-15,25.1875,accra,26.6
2019-09-16,25.420833333333334,accra,26.9
2019-09-17,25.474999999999998,accra,26.9
2019-09-18,25.104166666666668,accra,26.3
2019-09-19,25.191666666666666,accra,26.1
2019-09-20,25.287499999999998,accra,26.5
2019-09-21,25.583333333333332,accra,26.4
2019-09-22,25.7,accra,26.9
2019-09-23,25.933333333333334,accra,26.8
2019-09-24,26.541666666666668,accra,27.2
2019-09-25,26.495833333333334,accra,26.9
2019-09-26,26.570833333333336,accra,27.2
2019-09-27,25.825,accra,25.4
2019-09-28,25.983333333333334,accra,25.6
2019-09-29,25.825,accra,26.9
2019-09-30,25.945833333333336,accra,26.0
2019-10-01,25.52916666666667,accra,25.7
2019-10-02,25.162499999999998,accra,25.5
2019-10-03,25.379166666666666,accra,25.6
2019-10-04,25.65416666666667,accra,26.6
2019-10-05,24.858333333333334,accra,26.6
2019-10-06,25.15833333333333,accra,26.6
2019-10-07,25.441666666666666,accra,26.8
2019-10-08,25.34583333333333,accra,26.4
2019-10-09,25.21666666666667,accra,26.4
2019-10-10,25.433333333333334,accra,26.8
2019-10-11,25.3875,accra,26.7
2019-10-12,24.825,accra,25.4
2019-10-13,25.375,accra,25.4
2019-10-14,25.71666666666667,accra,27.0
2019-10-15,25.758333333333336,accra,26.7
2019-10-16,25.825,accra,27.4
2019-10-17,26.066666666666666,accra,27.5
2019-10-18,25.558333333333334,accra,26.0
2019-10-19,25.133333333333336,accra,25.8
2019-10-20,25.4875,accra,26.3
2019-10-21,25.429166666666664,accra,26.5
2019-10-22,25.77916666666667,accra,27.2
2019-10-23,25.6375,accra,27.3
2019-10-24,25.870833333333334,accra,27.7
2019-10-25,26.020833333333332,accra,26.9
2019-10-26,25.625,accra,26.9
2019-10-27,25.6875,accra,27.3
2019-10-28,25.554166666666664,accra,25.5
2019-10-29,25.28333333333333,accra,26.0
2019-10-30,25.295833333333334,accra,26.7
2019-10-31,25.870833333333334,accra,27.3
2019-11-01,26.09583333333333,accra,27.6
2019-11-02,26.195833333333336,accra,27.7
2019-11-03,25.870833333333334,accra,27.1
2019-11-04,26.366666666666664,accra,28.1
2019-11-05,26.59583333333333,accra,27.7
2019-11-06,26.808333333333334,accra,28.1
2019-11-07,26.84166666666667,accra,27.8
2019-11-08,26.770833333333332,accra,28.4
2019-11-09,27.333333333333332,accra,28.8
2019-11-10,27.004166666666666,accra,28.3
2019-11-11,26.508333333333336,accra,27.0
2019-11-12,27.03333333333333,accra,28.4
2019-11-13,26.9875,accra,28.4
2019-11-14,26.808333333333334,accra,26.8
2019-11-15,26.941666666666666,accra,27.8
2019-11-16,27.2,accra,28.5
2019-11-17,27.641666666666666,accra,28.5
2019-11-18,27.8875,accra,28.9
2019-11-19,27.895833333333332,accra,29.1
2019-11-20,27.791666666666668,accra,28.9
2019-11-21,26.8,accra,25.7
2019-11-22,27.520833333333332,accra,27.7
2019-11-23,27.40833333333333,accra,28.5
2019-11-24,27.599999999999998,accra,28.8
2019-11-25,27.795833333333334,accra,28.6
2019-11-26,28.0,accra,28.7
2019-11-27,28.016666666666666,accra,28.5
2019-11-28,27.941666666666666,accra,28.8
2019-11-29,27.979166666666668,accra,28.8
2019-11-30,28.241666666666664,accra,28.8
2019-12-01,28.120833333333334,accra,29.0
2019-12-02,28.066666666666666,accra,28.5
2019-12-03,28.325,accra,29.1
2019-12-04,28.025000000000002,accra,29.0
2019-12-05,27.729166666666668,accra,28.4
2019-12-06,27.825,accra,28.8
2019-12-07,27.516666666666666,accra,28.3
2019-12-08,27.704166666666666,accra,28.7
2019-12-09,27.65416666666667,accra,28.6
2019-12-10,27.7375,accra,28.6
2019-12-11,27.65833333333333,accra,28.6
2019-12-12,27.458333333333332,accra,28.6
2019-12-13,27.5,accra,28.2
2019-12-14,27.675,accra,29.2
2019-12-15,27.65833333333333,accra,28.4
2019-12-16,27.704166666666666,accra,28.6
2019-12-17,27.954166666666666,accra,29.2
2019-12-18,28.258333333333336,accra,27.7
2019-12-19,28.075,accra,29.5
2019-12-20,28.391666666666666,accra,29.7
2019-12-21,28.333333333333332,accra,29.0
2019-12-22,27.883333333333336,accra,29.4
2019-12-23,28.03333333333333,accra,29.1
2019-12-24,26.587500000000002,accra,28.4
2019-12-25,27.3,accra,29.1
2019-12-26,27.7625,accra,29.1
2019-12-27,27.84166666666667,accra,28.9
2019-12-28,27.995833333333334,accra,29.1
2019-12-29,28.183333333333334,accra,29.3
2019-12-30,28.0125,accra,29.3
2019-12-31,27.695833333333336,accra,29.1
2022-01-01,27.25,accra,28.5
2022-01-02,27.245833333333334,accra,28.4
2022-01-03,27.27916666666667,accra,29.7
2022-01-04,27.0,accra,27.9
2022-01-05,27.979166666666668,accra,29.2
2022-01-06,27.708333333333332,accra,29.6
2022-01-07,28.208333333333332,accra,29.1
2022-01-08,27.695833333333336,accra,29.1
2022-01-09,28.129166666666666,accra,29.5
2022-01-10,27.479166666666668,accra,28.8
2022-01-11,28.075,accra,29.3
2022-01-12,27.816666666666666,accra,30.1
2022-01-13,26.9375,accra,28.7
2022-01-14,26.97083333333333,accra,28.4
2022-01-15,27.016666666666666,accra,29.3
2022-01-16,27.133333333333336,accra,28.8
2022-01-17,26.875,accra,28.2
2022-01-18,26.775000000000002,accra,27.8
2022-01-19,26.90833333333333,accra,28.7
2022-01-20,26.920833333333334,accra,28.4
2022-01-21,26.041666666666668,accra,28.7
2022-01-22,26.333333333333332,accra,28.4
2022-01-23,26.608333333333334,accra,29.1
2022-01-24,27.041666666666668,accra,28.3
2022-01-25,26.575,accra,28.4
2022-01-26,25.516666666666666,accra,28.7
2022-01-27,27.2625,accra,27.9
2022-01-28,27.254166666666666,accra,28.4
2022-01-29,27.316666666666666,accra,28.9
2022-01-30,26.883333333333336,accra,28.7
2022-01-31,25.212500000000002,accra,28.0
2022-02-01,26.0,accra,28.1
2022-02-02,26.675,accra,29.3
2022-02-03,27.433333333333334,accra,28.9
2022-02-04,27.395833333333332,accra,28.8
2022-02-05,27.366666666666664,accra,28.9
2022-02-06,27.224999999999998,accra,29.3
2022-02-07,27.45,accra,29.4
2022-02-08,27.383333333333336,accra,29.4
2022-02-09,27.933333333333334,accra,29.2
2022-02-10,27.829166666666666,accra,29.1
2022-02-11,27.916666666666668,accra,29.2
2022-02-12,27.15416666666667,accra,29.7
2022-02-13,27.683333333333334,accra,29.1
2022-02-14,26.945833333333336,accra,28.8
2022-02-15,27.483333333333334,accra,28.8
2022-02-16,27.491666666666664,accra,28.9
2022-02-17,27.575,accra,28.8
2022-02-18,26.912499999999998,accra,28.7
2022-02-19,26.979166666666668,accra,28.6
2022-02-20,27.045833333333334,accra,28.2
2022-02-21,27.079166666666666,accra,28.3
2022-02-22,27.245833333333334,accra,28.6
2022-02-23,27.05,accra,28.8
2022-02-24,27.125,accra,28.9
2022-02-25,27.358333333333334,accra,28.9
2022-02-26,27.458333333333332,accra,28.8
2022-02-27,27.308333333333334,accra,29.1
2022-02-28,27.229166666666668,accra,28.8
2022-03-01,28.045833333333334,accra,29.1
2022-03-02,27.808333333333334,accra,29.1
2022-03-03,26.974999999999998,accra,29.1
2022-03-04,27.412499999999998,accra,28.6
2022-03-05,26.866666666666664,accra,28.4
2022-03-06,27.6375,accra,28.6
2022-03-07,28.008333333333336,accra,28.6
2022-03-08,28.358333333333334,accra,29.5
2022-03-09,28.21666666666667,accra,29.5
2022-03-10,27.704166666666666,accra,28.9
2022-03-11,28.075,accra,29.3
2022-03-12,27.787499999999998,accra,28.4
2022-03-13,27.90416666666667,accra,28.6
2022-03-14,27.47083333333333,accra,29.8
2022-03-15,27.770833333333332,accra,29.4
2022-03-16,27.71666666666667,accra,29.1
2022-03-17,28.40833333333333,accra,29.5
2022-03-18,28.425,accra,29.7
2022-03-19,28.520833333333332,accra,30.2
2022-03-20,28.054166666666664,accra,30.0
2022-03-21,28.291666666666668,accra,29.2
2022-03-22,27.820833333333336,accra,29.7
2022-03-23,28.7625,accra,29.7
2022-03-24,27.875,accra,29.4
2022-03-25,28.333333333333332,accra,30.0
2022-03-26,28.1875,accra,28.8
2022-03-27,28.308333333333334,accra,29.6
2022-03-28,28.445833333333336,accra,30.0
2022-03-29,28.354166666666668,accra,29.9
2022-03-30,28.520833333333332,accra,30.1
2022-03-31,28.7625,accra,29.9
2022-04-01,27.6875,accra,28.8
2022-04-02,28.537499999999998,accra,29.3
2022-04-03,28.525000000000002,accra,30.3
2022-04-04,27.45,accra,29.4
2022-04-05,28.03333333333333,accra,29.9
2022-04-06,27.195833333333336,accra,26.8
2022-04-07,27.008333333333336,accra,27.9
2022-04-08,27.679166666666664,accra,25.9
2022-04-09,27.662499999999998,accra,27.2
2022-04-10,27.962500000000002,accra,28.6
2022-04-11,28.670833333333334,accra,29.4
2022-04-12,27.125,accra,28.7
2022-04-13,26.541666666666668,accra,26.9
2022-04-14,26.65416666666667,accra,28.3
2022-04-15,26.916666666666668,accra,28.3
2022-04-16,26.28333333333333,accra,27.2
2022-04-17,26.849999999999998,accra,28.2
2022-04-18,25.979166666666668,accra,26.1
2022-04-19,26.925,accra,28.1
2022-04-20,27.808333333333334,accra,28.9
2022-04-21,26.483333333333334,accra,26.4
2022-04-22,27.5625,accra,27.7
2022-04-23,28.462500000000002,accra,29.0
2022-04-24,27.4875,accra,27.4
2022-04-25,26.895833333333332,accra,28.6
2022-04-26,27.141666666666666,accra,28.7
2022-04-27,27.208333333333332,accra,28.4
2022-04-28,26.129166666666666,accra,26.5
2022-04-29,27.22083333333333,accra,28.3
2022-04-30,26.52916666666667,accra,27.5
2022-05-01,27.770833333333332,accra,28.7
2022-05-02,28.1375,accra,29.0
2022-05-03,28.433333333333334,accra,29.2
2022-05-04,27.2375,accra,28.5
2022-05-05,27.479166666666668,accra,27.6
2022-05-06,27.162499999999998,accra,25.6
2022-05-07,26.579166666666666,accra,27.3
2022-05-08,27.629166666666666,accra,29.3
2022-05-09,27.3875,accra,28.6
2022-05-10,27.329166666666666,accra,28.9
2022-05-11,27.3,accra,29.3
2022-05-12,27.0125,accra,29.2
2022-05-13,27.745833333333334,accra,29.5
2022-05-14,26.837500000000002,accra,28.3
2022-05-15,27.291666666666668,accra,29.1
2022-05-16,27.4375,accra,29.3
2022-05-17,26.829166666666666,accra,28.2
2022-05-18,27.775000000000002,accra,28.5
2022-05-19,26.825,accra,27.9
2022-05-20,26.445833333333336,accra,28.4
2022-05-21,25.287499999999998,accra,27.1
2022-05-22,25.066666666666666,accra,25.8
2022-05-23,25.9875,accra,28.0
2022-05-24,25.454166666666666,accra,25.2
2022-05-25,25.329166666666666,accra,27.4
2022-05-26,25.78333333333333,accra,26.7
2022-05-27,25.854166666666668,accra,26.9
2022-05-28,26.133333333333336,accra,28.2
2022-05-29,26.179166666666664,accra,28.1
2022-05-30,26.179166666666664,accra,28.4
2022-05-31,26.266666666666666,accra,29.1
2022-06-01,26.608333333333334,accra,27.6
2022-06-02,26.9375,accra,28.4
2022-06-03,25.912499999999998,accra,26.8
2022-06-04,25.90416666666667,accra,27.3
2022-06-05,25.370833333333334,accra,25.6
2022-06-06,25.587500000000002,accra,26.0
2022-06-07,26.491666666666664,accra,27.9
2022-06-08,26.45,accra,28.7
2022-06-09,26.870833333333334,accra,28.7
2022-06-10,25.191666666666666,accra,25.5
2022-06-11,25.587500000000002,accra,26.3
2022-06-12,26.208333333333332,accra,27.0
2022-06-13,26.520833333333332,accra,27.8
2022-06-14,26.520833333333332,accra,28.2
2022-06-15,24.52916666666667,accra,25.4
2022-06-16,24.141666666666666,accra,24.9
2022-06-17,24.412499999999998,accra,26.2
2022-06-18,24.683333333333334,accra,25.9
2022-06-19,25.016666666666666,accra,26.7
2022-06-20,25.34583333333333,accra,26.9
2022-06-21,24.770833333333332,accra,26.1
2022-06-22,24.78333333333333,accra,25.5
2022-06-23,25.27916666666667,accra,26.2
2022-06-24,25.166666666666668,accra,25.3
2022-06-25,24.849999999999998,accra,25.3
2022-06-26,25.241666666666664,accra,26.6
2022-06-27,25.5625,accra,26.8
2022-06-28,25.891666666666666,accra,27.3
2022-06-29,25.383333333333336,accra,27.2
2022-06-30,23.900000000000002,accra,24.6
2022-07-01,24.337500000000002,accra,25.7
2022-07-02,25.09583333333333,accra,26.2
2022-07-03,25.133333333333336,accra,26.2
2022-07-04,25.129166666666666,accra,26.1
2022-07-05,24.704166666666666,accra,25.8
2022-07-06,25.183333333333334,accra,26.4
2022-07-07,25.40833333333333,accra,26.6
2022-07-08,25.287499999999998,accra,26.4
2022-07-09,25.05,accra,26.5
2022-07-10,25.087500000000002,accra,26.1
2022-07-11,25.037499999999998,accra,26.1
2022-07-12,25.054166666666664,accra,25.7
2022-07-13,25.204166666666666,accra,25.4
2022-07-14,25.045833333333334,accra,26.0
2022-07-15,25.054166666666664,accra,25.8
2022-07-16,25.1375,accra,25.9
2022-07-17,25.116666666666664,accra,25.7
2022-07-18,24.625,accra,25.7
2022-07-19,24.379166666666666,accra,25.4
2022-07-20,24.329166666666666,accra,25.4
2022-07-21,24.3,accra,25.3
2022-07-22,24.650000000000002,accra,25.4
2022-07-23,25.537499999999998,accra,25.9
2022-07-24,25.183333333333334,accra,25.7
2022-07-25,24.7,accra,25.3
2022-07-26,24.462500000000002,accra,25.4
2022-07-27,24.46666666666667,accra,25.9
2022-07-28,24.679166666666664,accra,25.8
2022-07-29,24.40416666666667,accra,25.8
2022-07-30,23.900000000000002,accra,25.3
2022-07-31,24.087500000000002,accra,24.7
2022-08-01,23.770833333333332,accra,24.5
2022-08-02,23.483333333333334,accra,24.9
2022-08-03,23.545833333333334,accra,24.7
2022-08-04,23.875,accra,24.8
2022-08-05,23.616666666666664,accra,24.8
2022-08-06,23.537499999999998,accra,24.8
2022-08-07,23.787499999999998,accra,24.9
2022-08-08,24.379166666666666,accra,25.3
2022-08-09,24.354166666666668,accra,25.2
2022-08-10,25.054166666666664,accra,25.0
2022-08-11,24.645833333333332,accra,25.7
2022-08-12,24.625,accra,25.7
2022-08-13,24.608333333333334,accra,25.2
2022-08-14,23.9375,accra,24.7
2022-08-15,23.366666666666664,accra,24.2
2022-08-16,23.295833333333334,accra,24.7
2022-08-17,23.233333333333334,accra,24.6
2022-08-18,23.375,accra,25.1
2022-08-19,23.879166666666666,accra,25.1
2022-08-20,23.599999999999998,accra,24.8
2022-08-21,23.670833333333334,accra,25.1
2022-08-22,23.8875,accra,25.3
2022-08-23,23.304166666666664,accra,24.3
2022-08-24,23.53333333333333,accra,24.1
2022-08-25,23.541666666666668,accra,25.3
2022-08-26,23.891666666666666,accra,25.1
2022-08-27,23.1875,accra,23.9
2022-08-28,23.504166666666666,accra,24.3
2022-08-29,23.329166666666666,accra,25.1
2022-08-30,23.995833333333334,accra,24.9
2022-08-31,23.458333333333332,accra,25.2
2022-09-01,23.712500000000002,accra,25.4
2022-09-02,23.854166666666668,accra,25.3
2022-09-03,24.204166666666666,accra,25.7
2022-09-04,24.441666666666666,accra,25.5
2022-09-05,24.400000000000002,accra,24.7
2022-09-06,24.46666666666667,accra,24.7
2022-09-07,24.766666666666666,accra,25.2
2022-09-08,24.90416666666667,accra,25.7
2022-09-09,24.96666666666667,accra,25.7
2022-09-10,24.816666666666666,accra,24.3
2022-09-11,24.900000000000002,accra,26.0
2022-09-12,24.55,accra,24.6
2022-09-13,24.691666666666666,accra,25.1
2022-09-14,24.541666666666668,accra,25.7
2022-09-15,24.291666666666668,accra,25.1
2022-09-16,24.754166666666666,accra,26.3
2022-09-17,24.583333333333332,accra,25.8
2022-09-18,24.754166666666666,accra,25.4
2022-09-19,24.395833333333332,accra,25.0
2022-09-20,24.400000000000002,accra,25.1
2022-09-21,24.704166666666666,accra,26.1
2022-09-22,24.204166666666666,accra,26.1
2022-09-23,24.837500000000002,accra,26.4
2022-09-24,25.125,accra,26.3
2022-09-25,25.3125,accra,26.7
2022-09-26,24.629166666666666,accra,24.8
2022-09-27,24.554166666666664,accra,25.1
2022-09-28,24.429166666666664,accra,24.9
2022-09-29,24.65833333333333,accra,24.8
2022-09-30,24.941666666666666,accra,25.9
2022-10-01,24.583333333333332,accra,24.6
2022-10-02,24.6125,accra,26.1
2022-10-03,24.920833333333334,accra,26.3
2022-10-04,25.34166666666667,accra,26.6
2022-10-05,25.508333333333336,accra,26.6
2022-10-06,25.604166666666668,accra,26.7
2022-10-07,25.6125,accra,26.7
2022-10-08,25.587500000000002,accra,26.5
2022-10-09,25.4375,accra,25.3
2022-10-10,24.945833333333336,accra,26.1
2022-10-11,25.766666666666666,accra,27.1
2022-10-12,25.641666666666666,accra,25.9
2022-10-13,25.7625,accra,26.9
2022-10-14,25.287499999999998,accra,26.9
2022-10-15,25.28333333333333,accra,27.2
2022-10-16,25.208333333333332,accra,27.4
2022-10-17,25.9875,accra,27.7
2022-10-18,25.991666666666664,accra,27.5
2022-10-19,25.95,accra,27.4
2022-10-20,26.087500000000002,accra,27.3
2022-10-21,26.22083333333333,accra,28.1
2022-10-22,26.491666666666664,accra,27.9
2022-10-23,26.820833333333336,accra,27.8
2022-10-24,27.041666666666668,accra,28.0
2022-10-25,26.208333333333332,accra,26.7
2022-10-26,26.333333333333332,accra,26.9
2022-10-27,26.787499999999998,accra,27.9
2022-10-28,26.941666666666666,accra,28.3
2022-10-29,27.058333333333334,accra,27.8
2022-10-30,27.05,accra,28.6
2022-10-31,27.5,accra,28.2
2022-11-01,26.933333333333334,accra,28.3
2022-11-02,27.09583333333333,accra,28.1
2022-11-03,27.175,accra,28.3
2022-11-04,27.0625,accra,28.2
2022-11-05,27.045833333333334,accra,28.5
2022-11-06,27.183333333333334,accra,28.3
2022-11-07,27.087500000000002,accra,28.3
2022-11-08,27.587500000000002,accra,28.4
2022-11-09,26.97083333333333,accra,29.1
2022-11-10,26.40833333333333,accra,27.3
2022-11-11,25.945833333333336,accra,27.2
2022-11-12,26.079166666666666,accra,27.4
2022-11-13,26.325,accra,26.9
2022-11-14,26.145833333333332,accra,27.9
2022-11-15,26.575,accra,28.2
2022-11-16,27.21666666666667,accra,28.3
2022-11-17,27.166666666666668,accra,27.8
2022-11-18,27.058333333333334,accra,27.9
2022-11-19,26.583333333333332,accra,28.3
2022-11-20,26.45,accra,27.9
2022-11-21,27.224999999999998,accra,27.7
2022-11-22,27.087500000000002,accra,27.8
2022-11-23,26.991666666666664,accra,27.6
2022-11-24,27.0,accra,28.0
2022-11-25,27.579166666666666,accra,27.6
2022-11-26,27.400000000000002,accra,28.4
2022-11-27,27.020833333333332,accra,27.8
2022-11-28,27.02916666666667,accra,27.4
2022-11-29,26.608333333333334,accra,28.3
2022-11-30,27.333333333333332,accra,28.7
2022-12-01,26.9375,accra,28.4
2022-12-02,26.741666666666664,accra,28.0
2022-12-03,25.691666666666666,accra,27.6
2022-12-04,27.025000000000002,accra,27.8
2022-12-05,27.683333333333334,accra,28.7
2022-12-06,27.416666666666668,accra,28.3
2022-12-07,27.020833333333332,accra,28.6
2022-12-08,26.97083333333333,accra,28.2
2022-12-09,27.245833333333334,accra,28.6
2022-12-10,27.304166666666664,accra,28.3
2022-12-11,27.554166666666664,accra,28.8
2022-12-12,27.454166666666666,accra,28.6
2022-12-13,27.65416666666667,accra,28.8
2022-12-14,27.1875,accra,28.9
2022-12-15,27.420833333333334,accra,28.8
2022-12-16,26.858333333333334,accra,28.4
2022-12-17,26.879166666666666,accra,28.7
2022-12-18,27.258333333333336,accra,28.4
2022-12-19,27.116666666666664,accra,28.6
2022-12-20,27.133333333333336,accra,29.2
2022-12-21,27.02916666666667,accra,28.7
2022-12-22,27.099999999999998,accra,28.2
2022-12-23,26.34166666666667,accra,28.4
2022-12-24,26.525000000000002,accra,27.8
2022-12-25,25.858333333333334,accra,28.1
2022-12-26,25.587500000000002,accra,27.4
2022-12-27,26.05,accra,27.8
2022-12-28,26.3625,accra,28.9
2022-12-29,27.179166666666664,accra,28.1
2022-12-30,26.870833333333334,accra,29.0
2022-12-31,26.995833333333334,accra,27.7
2019-01-01,27.558333333333334,kumasi,28.7
2019-01-02,27.05,kumasi,27.8
2019-01-06,27.629166666666666,kumasi,27.6
2019-01-07,27.558333333333334,kumasi,28.1
2019-01-08,27.808333333333334,kumasi,28.4
2019-01-09,27.525000000000002,kumasi,29.5
2019-01-11,26.22083333333333,kumasi,28.6
2019-01-13,27.666666666666668,kumasi,29.0
2019-01-16,27.71666666666667,kumasi,29.9
2019-01-17,27.09583333333333,kumasi,28.7
2019-01-19,26.370833333333334,kumasi,29.2
2019-01-20,26.045833333333334,kumasi,28.8
2019-01-21,27.045833333333334,kumasi,28.6
2019-01-22,26.849999999999998,kumasi,29.1
2019-01-23,27.09583333333333,kumasi,28.0
2019-01-24,26.587500000000002,kumasi,27.8
2019-01-25,26.383333333333336,kumasi,28.9
2019-01-26,27.683333333333334,kumasi,28.3
2019-01-28,27.270833333333332,kumasi,28.5
2019-01-29,27.150000000000002,kumasi,29.6
2019-01-30,27.837500000000002,kumasi,29.4
2019-01-31,26.78333333333333,kumasi,27.7
2019-02-01,26.21666666666667,kumasi,29.5
2019-02-02,26.0,kumasi,28.8
2019-02-03,26.47083333333333,kumasi,25.3
2019-02-04,26.337500000000002,kumasi,27.2
2019-02-05,26.079166666666666,kumasi,27.0
2019-02-06,26.02916666666667,kumasi,28.4
2019-02-07,27.041666666666668,kumasi,29.7
2019-02-08,27.2375,kumasi,28.1
2019-02-09,27.895833333333332,kumasi,28.9
2019-02-12,27.941666666666666,kumasi,28.1
2019-02-13,27.662499999999998,kumasi,28.2
2019-02-14,28.333333333333332,kumasi,29.0
2019-02-15,28.766666666666666,kumasi,30.0
2019-02-17,29.275000000000002,kumasi,29.5
2019-02-18,27.395833333333332,kumasi,27.6
2019-02-19,26.629166666666666,kumasi,28.2
2019-02-20,27.545833333333334,kumasi,28.8
2019-02-21,27.708333333333332,kumasi,29.6
2019-02-22,28.52916666666667,kumasi,30.6
2019-02-23,28.670833333333334,kumasi,29.9
2019-02-24,27.995833333333334,kumasi,29.6
2019-02-25,26.629166666666666,kumasi,28.2
2019-02-26,28.34166666666667,kumasi,29.8
2019-02-28,29.2375,kumasi,30.0
2019-03-02,27.55,kumasi,27.8
2019-03-03,28.97083333333333,kumasi,29.6
2019-03-04,28.141666666666666,kumasi,28.6
2019-03-05,27.84583333333333,kumasi,29.9
2019-03-07,27.504166666666666,kumasi,27.8
2019-03-08,26.608333333333334,kumasi,27.9
2019-03-10,26.383333333333336,kumasi,26.6
2019-03-11,27.5,kumasi,28.6
2019-03-12,28.2375,kumasi,29.2
2019-03-13,28.412499999999998,kumasi,29.7
2019-03-14,27.837500000000002,kumasi,29.2
2019-03-15,26.679166666666664,kumasi,28.3
2019-03-18,26.945833333333336,kumasi,28.8
2019-03-19,26.891666666666666,kumasi,29.2
2019-03-20,26.75,kumasi,28.8
2019-03-21,26.96666666666667,kumasi,28.4
2019-03-22,26.34583333333333,kumasi,26.6
2019-03-23,26.53333333333333,kumasi,27.8
2019-03-24,27.412499999999998,kumasi,28.8
2019-03-25,26.21666666666667,kumasi,27.6
2019-03-26,27.116666666666664,kumasi,28.6
2019-03-27,27.320833333333336,kumasi,29.2
2019-03-28,27.566666666666666,kumasi,29.3
2019-03-29,27.129166666666666,kumasi,27.5
2019-03-31,26.933333333333334,kumasi,28.3
2019-04-01,27.15416666666667,kumasi,29.1
2019-04-02,27.175,kumasi,28.5
2019-04-03,27.44583333333333,kumasi,28.9
2019-04-04,27.4875,kumasi,29.3
2019-04-05,26.787499999999998,kumasi,27.8
2019-04-06,27.287499999999998,kumasi,29.2
2019-04-07,26.695833333333336,kumasi,28.1
2019-04-08,25.8,kumasi,26.2
2019-04-09,26.329166666666666,kumasi,27.9
2019-04-11,25.866666666666664,kumasi,27.5
2019-04-14,26.254166666666666,kumasi,27.8
2019-04-15,26.558333333333334,kumasi,26.4
2019-04-16,26.479166666666668,kumasi,29.1
2019-04-17,26.412499999999998,kumasi,28.4
2019-04-19,26.566666666666666,kumasi,28.4
2019-04-21,26.7375,kumasi,28.6
2019-04-22,26.974999999999998,kumasi,29.3
2019-04-23,26.695833333333336,kumasi,28.2
2019-04-24,25.941666666666666,kumasi,26.3
2019-04-26,26.1125,kumasi,27.2
2019-04-27,26.308333333333334,kumasi,27.7
2019-04-28,27.34166666666667,kumasi,29.0
2019-04-29,27.325,kumasi,29.3
2019-04-30,27.108333333333334,kumasi,28.8
2019-05-01,26.366666666666664,kumasi,26.9
2019-05-02,26.21666666666667,kumasi,28.3
2019-05-04,25.883333333333336,kumasi,27.4
2019-05-05,27.583333333333332,kumasi,28.5
2019-05-06,26.641666666666666,kumasi,28.6
2019-05-07,26.954166666666666,kumasi,28.7
2019-05-08,27.070833333333336,kumasi,28.3
2019-05-09,27.0125,kumasi,28.0
2019-05-10,26.329166666666666,kumasi,27.7
2019-05-11,26.0625,kumasi,26.9
2019-05-12,26.808333333333334,kumasi,27.2
2019-05-13,26.2625,kumasi,26.9
2019-05-14,26.041666666666668,kumasi,27.4
2019-05-16,25.170833333333334,kumasi,25.9
2019-05-17,25.954166666666666,kumasi,28.4
2019-05-18,26.775000000000002,kumasi,28.2
2019-05-19,26.675,kumasi,28.3
2019-05-21,25.833333333333332,kumasi,26.2
2019-05-23,25.416666666666668,kumasi,24.1
2019-05-24,26.129166666666666,kumasi,24.7
2019-05-26,25.691666666666666,kumasi,27.1
2019-05-27,25.295833333333334,kumasi,27.7
2019-05-28,26.020833333333332,kumasi,27.8
2019-05-29,26.09583333333333,kumasi,28.2
2019-06-01,24.075,kumasi,26.0
2019-06-02,24.59583333333333,kumasi,26.6
2019-06-05,25.008333333333336,kumasi,26.1
2019-06-06,25.8625,kumasi,26.9
2019-06-08,24.070833333333336,kumasi,25.4
2019-06-09,24.995833333333334,kumasi,26.2
2019-06-13,24.983333333333334,kumasi,27.6
2019-06-14,24.258333333333336,kumasi,24.8
2019-06-15,24.325,kumasi,26.4
2019-06-16,24.354166666666668,kumasi,25.6
2019-06-17,25.433333333333334,kumasi,27.4
2019-06-19,26.416666666666668,kumasi,27.9
2019-06-20,25.829166666666666,kumasi,27.6
2019-06-21,25.275000000000002,kumasi,28.0
2019-06-23,24.004166666666666,kumasi,24.7
2019-06-25,23.6125,kumasi,24.4
2019-06-28,24.045833333333334,kumasi,27.2
2019-06-29,24.308333333333334,kumasi,26.8
2019-06-30,24.979166666666668,kumasi,26.8
2019-07-01,25.058333333333334,kumasi,26.6
2019-07-02,25.258333333333336,kumasi,26.7
2019-07-03,25.400000000000002,kumasi,26.9
2019-07-05,24.816666666666666,kumasi,25.7
2019-07-06,24.179166666666664,kumasi,25.9
2019-07-07,24.337500000000002,kumasi,25.6
2019-07-08,23.233333333333334,kumasi,24.1
2019-07-10,24.02916666666667,kumasi,24.9
2019-07-11,24.2375,kumasi,25.4
2019-07-12,22.400000000000002,kumasi,24.9
2019-07-14,24.616666666666664,kumasi,25.1
2019-07-15,24.09166666666667,kumasi,25.3
2019-07-16,23.958333333333332,kumasi,25.5
2019-07-17,24.383333333333336,kumasi,25.8
2019-07-18,24.45,kumasi,25.2
2019-07-21,24.099999999999998,kumasi,25.4
2019-07-22,24.070833333333336,kumasi,26.8
2019-07-23,24.358333333333334,kumasi,25.4
2019-07-24,23.929166666666664,kumasi,25.3
2019-07-25,24.65833333333333,kumasi,26.2
2019-07-26,24.183333333333334,kumasi,25.5
2019-07-27,24.587500000000002,kumasi,26.7
2019-07-28,24.020833333333332,kumasi,25.8
2019-07-29,24.016666666666666,kumasi,25.8
2019-07-30,23.620833333333334,kumasi,24.8
2019-07-31,24.208333333333332,kumasi,25.3
2019-08-01,24.266666666666666,kumasi,25.8
2019-08-02,23.579166666666666,kumasi,25.1
2019-08-03,23.545833333333334,kumasi,25.2
2019-08-04,24.041666666666668,kumasi,25.1
2019-08-05,24.183333333333334,kumasi,25.4
2019-08-06,23.587500000000002,kumasi,24.6
2019-08-07,23.462500000000002,kumasi,26.3
2019-08-08,24.083333333333332,kumasi,26.4
2019-08-09,23.97083333333333,kumasi,24.5
2019-08-10,24.125,kumasi,25.2
2019-08-11,24.675,kumasi,26.3
2019-08-12,23.625,kumasi,24.7
2019-08-14,24.366666666666664,kumasi,25.6
2019-08-16,24.558333333333334,kumasi,25.8
2019-08-17,24.46666666666667,kumasi,26.1
2019-08-19,24.616666666666664,kumasi,25.1
2019-08-21,24.337500000000002,kumasi,25.8
2019-08-22,24.6125,kumasi,27.1
2019-08-24,23.416666666666668,kumasi,24.5
2019-08-25,23.629166666666666,kumasi,25.2
2019-08-26,24.104166666666668,kumasi,26.6
2019-08-27,24.504166666666666,kumasi,25.6
2019-08-29,24.070833333333336,kumasi,25.4
2019-08-30,24.366666666666664,kumasi,25.8
2019-09-01,23.90416666666667,kumasi,24.1
2019-09-04,24.4875,kumasi,25.9
2019-09-05,24.3,kumasi,25.4
2019-09-06,24.675,kumasi,26.0
2019-09-09,23.379166666666666,kumasi,25.6
2019-09-10,24.708333333333332,kumasi,26.3
2019-09-12,24.0625,kumasi,26.9
2019-09-13,24.495833333333334,kumasi,25.0
2019-09-15,24.2375,kumasi,26.5
2019-09-16,25.0625,kumasi,27.1
2019-09-18,24.495833333333334,kumasi,25.6
2019-09-23,24.695833333333336,kumasi,25.8
2019-09-24,25.191666666666666,kumasi,26.9
2019-09-28,24.491666666666664,kumasi,24.9
2019-09-29,24.787499999999998,kumasi,26.1
2019-09-30,24.2625,kumasi,24.9
2019-10-03,24.46666666666667,kumasi,26.2
2019-10-05,22.95,kumasi,24.6
2019-10-06,24.495833333333334,kumasi,25.7
2019-10-08,23.733333333333334,kumasi,26.1
2019-10-09,23.95,kumasi,26.0
2019-10-11,23.808333333333334,kumasi,26.2
2019-10-13,23.804166666666664,kumasi,26.4
2019-10-14,24.804166666666664,kumasi,25.2
2019-10-15,24.745833333333334,kumasi,26.6
2019-10-16,25.266666666666666,kumasi,27.1
2019-10-19,23.983333333333334,kumasi,25.2
2019-10-21,24.358333333333334,kumasi,27.1
2019-10-23,24.47083333333333,kumasi,25.3
2019-10-24,25.308333333333334,kumasi,27.2
2019-10-26,24.40416666666667,kumasi,26.7
2019-10-31,24.650000000000002,kumasi,27.6
2019-11-01,25.516666666666666,kumasi,28.6
2019-11-02,24.995833333333334,kumasi,25.8
2019-11-08,25.97083333333333,kumasi,26.7
2019-11-12,25.525000000000002,kumasi,28.6
2019-11-14,25.120833333333334,kumasi,27.8
2019-11-15,25.945833333333336,kumasi,28.2
2019-11-17,25.958333333333332,kumasi,27.6
2019-11-18,27.0,kumasi,28.1
2019-11-19,26.929166666666664,kumasi,29.8
2019-11-20,25.787499999999998,kumasi,29.4
2019-11-23,26.245833333333334,kumasi,28.3
2019-11-28,27.15416666666667,kumasi,28.2
2019-11-30,27.141666666666666,kumasi,31.7
2019-12-05,26.358333333333334,kumasi,29.5
2019-12-09,25.441666666666666,kumasi,27.7
2019-12-10,25.9375,kumasi,29.1
2019-12-13,25.925,kumasi,27.7
2019-12-14,25.995833333333334,kumasi,27.7
2019-12-25,26.320833333333336,kumasi,30.8
2019-12-26,26.295833333333334,kumasi,30.9
2019-12-27,27.09583333333333,kumasi,28.1
2019-12-29,27.541666666666668,kumasi,28.8
2019-12-30,27.724999999999998,kumasi,29.9
2019-12-31,27.22083333333333,kumasi,29.1
2022-01-01,28.266666666666666,kumasi,27.9
2022-01-02,28.099999999999998,kumasi,28.1
2022-01-03,28.02916666666667,kumasi,27.9
2022-01-04,27.791666666666668,kumasi,27.5
2022-01-05,26.84583333333333,kumasi,27.1
2022-01-06,28.254166666666666,kumasi,28.4
2022-01-07,28.925,kumasi,28.5
2022-01-08,28.287499999999998,kumasi,28.4
2022-01-09,28.3625,kumasi,28.5
2022-01-10,27.895833333333332,kumasi,28.2
2022-01-11,28.195833333333336,kumasi,28.0
2022-01-12,27.412499999999998,kumasi,27.7
2022-01-13,28.087500000000002,kumasi,28.4
2022-01-14,28.704166666666666,kumasi,28.6
2022-01-15,28.3,kumasi,27.9
2022-01-16,27.675,kumasi,27.4
2022-01-17,27.070833333333336,kumasi,28.7
2022-01-18,27.59166666666667,kumasi,27.4
2022-01-19,27.370833333333334,kumasi,27.6
2022-01-20,27.15833333333333,kumasi,26.2
2022-01-21,27.016666666666666,kumasi,30.2
2022-01-22,27.604166666666668,kumasi,28.0
2022-01-23,27.333333333333332,kumasi,27.2
2022-01-24,27.166666666666668,kumasi,27.4
2022-01-25,27.570833333333336,kumasi,27.4
2022-01-26,27.8875,kumasi,31.7
2022-01-27,27.77916666666667,kumasi,28.4
2022-01-28,28.224999999999998,kumasi,28.2
2022-01-29,28.84166666666667,kumasi,28.8
2022-01-30,28.358333333333334,kumasi,28.0
2022-01-31,27.133333333333336,kumasi,27.2
2022-02-01,27.3625,kumasi,27.2
2022-02-02,27.354166666666668,kumasi,31.3
2022-02-03,27.8,kumasi,27.8
2022-02-04,28.2375,kumasi,28.3
2022-02-05,28.724999999999998,kumasi,28.8
2022-02-06,28.554166666666664,kumasi,28.9
2022-02-07,28.916666666666668,kumasi,28.5
2022-02-08,29.212500000000002,kumasi,28.7
2022-02-09,29.495833333333334,kumasi,29.3
2022-02-10,29.583333333333332,kumasi,29.5
2022-02-11,29.079166666666666,kumasi,29.6
2022-02-12,27.224999999999998,kumasi,28.2
2022-02-13,27.129166666666666,kumasi,26.4
2022-02-14,26.825,kumasi,26.9
2022-02-15,27.870833333333334,kumasi,27.8
2022-02-16,29.166666666666668,kumasi,29.0
2022-02-17,27.858333333333334,kumasi,29.4
2022-02-18,27.912499999999998,kumasi,27.0
2022-02-19,27.641666666666666,kumasi,27.9
2022-02-20,27.054166666666664,kumasi,26.2
2022-02-21,27.079166666666666,kumasi,31.2
2022-02-22,28.075,kumasi,31.3
2022-02-23,28.65833333333333,kumasi,28.7
2022-02-24,28.883333333333336,kumasi,28.6
2022-02-25,28.145833333333332,kumasi,28.7
2022-02-26,27.912499999999998,kumasi,27.5
2022-02-27,27.354166666666668,kumasi,28.6
2022-02-28,27.59166666666667,kumasi,28.1
2022-03-01,27.608333333333334,kumasi,27.0
2022-03-02,26.258333333333336,kumasi,25.6
2022-03-03,26.679166666666664,kumasi,31.2
2022-03-04,26.3125,kumasi,26.6
2022-03-05,26.875,kumasi,26.3
2022-03-06,26.712500000000002,kumasi,27.4
2022-03-07,26.991666666666664,kumasi,26.6
2022-03-08,26.120833333333334,kumasi,31.2
2022-03-09,26.379166666666666,kumasi,30.8
2022-03-10,28.27916666666667,kumasi,28.3
2022-03-11,27.34583333333333,kumasi,27.3
2022-03-12,27.183333333333334,kumasi,26.6
2022-03-13,26.0,kumasi,30.3
2022-03-14,25.525000000000002,kumasi,26.8
2022-03-15,25.875,kumasi,25.4
2022-03-16,27.233333333333334,kumasi,26.6
2022-03-17,25.758333333333336,kumasi,26.0
2022-03-18,27.5625,kumasi,30.3
2022-03-19,26.354166666666668,kumasi,29.0
2022-03-20,25.854166666666668,kumasi,26.3
2022-03-21,26.325,kumasi,26.3
2022-03-22,26.266666666666666,kumasi,25.7
2022-03-23,26.891666666666666,kumasi,31.1
2022-03-24,26.5,kumasi,28.8
2022-03-25,26.537499999999998,kumasi,26.2
2022-03-26,26.066666666666666,kumasi,26.5
2022-03-27,26.412499999999998,kumasi,29.9
2022-03-28,27.349999999999998,kumasi,27.2
2022-03-29,27.625,kumasi,30.3
2022-03-30,27.0625,kumasi,27.3
2022-03-31,26.775000000000002,kumasi,26.8
2022-04-01,26.004166666666666,kumasi,26.6
2022-04-02,26.175,kumasi,29.8
2022-04-03,26.133333333333336,kumasi,30.7
2022-04-04,25.72083333333333,kumasi,26.6
2022-04-05,27.354166666666668,kumasi,29.1
2022-04-06,25.925,kumasi,26.7
2022-04-07,26.05,kumasi,30.5
2022-04-08,27.941666666666666,kumasi,27.1
2022-04-09,26.558333333333334,kumasi,27.9
2022-04-10,26.504166666666666,kumasi,27.1
2022-04-11,27.3625,kumasi,30.5
2022-04-12,26.358333333333334,kumasi,28.2
2022-04-13,25.900000000000002,kumasi,28.3
2022-04-14,26.254166666666666,kumasi,26.3
2022-04-15,25.879166666666666,kumasi,27.3
2022-04-16,25.125,kumasi,25.6
2022-04-17,25.2,kumasi,28.5
2022-04-18,25.625,kumasi,27.2
2022-04-19,26.058333333333334,kumasi,28.4
2022-04-20,26.166666666666668,kumasi,28.1
2022-04-21,24.7375,kumasi,26.1
2022-04-22,26.087500000000002,kumasi,28.2
2022-04-23,26.625,kumasi,29.9
2022-04-24,26.179166666666664,kumasi,26.5
2022-04-25,26.212500000000002,kumasi,26.8
2022-04-26,26.84166666666667,kumasi,27.0
2022-04-27,25.983333333333334,kumasi,30.7
2022-04-28,23.883333333333336,kumasi,25.0
2022-04-29,25.537499999999998,kumasi,27.7
2022-04-30,25.729166666666668,kumasi,26.1
2022-05-01,26.329166666666666,kumasi,28.6
2022-05-02,26.166666666666668,kumasi,28.9
2022-05-03,26.358333333333334,kumasi,29.8
2022-05-04,26.008333333333336,kumasi,26.1
2022-05-05,26.02916666666667,kumasi,25.9
2022-05-06,25.183333333333334,kumasi,26.4
2022-05-07,25.291666666666668,kumasi,27.8
2022-05-08,25.587500000000002,kumasi,28.6
2022-05-09,25.599999999999998,kumasi,26.2
2022-05-10,25.933333333333334,kumasi,27.1
2022-05-11,26.3125,kumasi,28.6
2022-05-12,25.912499999999998,kumasi,26.5
2022-05-13,26.695833333333336,kumasi,27.2
2022-05-14,26.537499999999998,kumasi,27.1
2022-05-15,26.358333333333334,kumasi,27.3
2022-05-16,26.662499999999998,kumasi,26.7
2022-05-17,26.233333333333334,kumasi,27.1
2022-05-18,26.90416666666667,kumasi,28.4
2022-05-19,26.416666666666668,kumasi,28.7
2022-05-20,24.8625,kumasi,25.3
2022-05-21,24.5,kumasi,24.2
2022-05-22,23.579166666666666,kumasi,24.1
2022-05-23,25.145833333333332,kumasi,26.5
2022-05-24,23.954166666666666,kumasi,24.1
2022-05-25,24.316666666666666,kumasi,25.0
2022-05-27,25.1125,kumasi,28.5
2022-05-28,25.820833333333336,kumasi,25.9
2022-05-29,26.054166666666664,kumasi,30.0
2022-05-30,25.883333333333336,kumasi,26.6
2022-05-31,25.141666666666666,kumasi,25.2
2022-06-01,25.691666666666666,kumasi,28.3
2022-06-02,26.895833333333332,kumasi,26.9
2022-06-03,25.125,kumasi,25.8
2022-06-04,25.045833333333334,kumasi,25.9
2022-06-05,25.166666666666668,kumasi,25.5
2022-06-06,24.433333333333334,kumasi,27.1
2022-06-07,25.145833333333332,kumasi,26.8
2022-06-08,25.291666666666668,kumasi,27.6
2022-06-09,25.233333333333334,kumasi,26.1
2022-06-10,23.954166666666666,kumasi,23.8
2022-06-11,23.770833333333332,kumasi,25.7
2022-06-12,24.900000000000002,kumasi,24.8
2022-06-13,26.087500000000002,kumasi,28.4
2022-06-14,25.708333333333332,kumasi,26.8
2022-06-15,23.84583333333333,kumasi,24.0
2022-06-16,22.5625,kumasi,24.6
2022-06-17,23.525000000000002,kumasi,23.7
2022-06-18,23.245833333333334,kumasi,23.0
2022-06-19,23.71666666666667,kumasi,24.6
2022-06-20,23.8625,kumasi,24.0
2022-06-21,24.254166666666666,kumasi,26.9
2022-06-22,23.849999999999998,kumasi,26.9
2022-06-23,23.733333333333334,kumasi,23.9
2022-06-24,24.195833333333336,kumasi,25.6
2022-06-25,23.320833333333336,kumasi,23.6
2022-06-26,24.616666666666664,kumasi,28.0
2022-06-27,24.7,kumasi,24.8
2022-06-28,24.820833333333336,kumasi,27.7
2022-06-29,24.020833333333332,kumasi,24.3
2022-06-30,23.120833333333334,kumasi,24.1
2022-07-01,23.145833333333332,kumasi,22.9
2022-07-02,23.120833333333334,kumasi,23.1
2022-07-03,24.020833333333332,kumasi,26.2
2022-07-04,23.97083333333333,kumasi,24.5
2022-07-05,23.316666666666666,kumasi,23.7
2022-07-06,24.099999999999998,kumasi,26.5
2022-07-07,25.058333333333334,kumasi,25.0
2022-07-08,23.458333333333332,kumasi,23.6
2022-07-09,23.8125,kumasi,24.0
2022-07-10,24.420833333333334,kumasi,25.7
2022-07-11,23.683333333333334,kumasi,25.4
2022-07-12,24.208333333333332,kumasi,24.4
2022-07-13,23.65833333333333,kumasi,24.0
2022-07-14,24.675,kumasi,24.8
2022-07-15,24.675,kumasi,24.8
2022-07-16,23.641666666666666,kumasi,24.2
2022-07-17,24.46666666666667,kumasi,25.0
2022-07-18,24.575,kumasi,26.9
2022-07-19,23.816666666666666,kumasi,26.1
2022-07-20,23.670833333333334,kumasi,24.1
2022-07-21,23.704166666666666,kumasi,25.8
2022-07-22,24.025000000000002,kumasi,25.6
2022-07-23,23.575,kumasi,25.3
2022-07-24,24.650000000000002,kumasi,25.7
2022-07-25,24.695833333333336,kumasi,25.4
2022-07-26,23.566666666666666,kumasi,27.2
2022-07-27,24.183333333333334,kumasi,25.9
2022-07-28,25.008333333333336,kumasi,25.0
2022-07-29,24.587500000000002,kumasi,25.4
2022-07-30,24.683333333333334,kumasi,25.9
2022-07-31,24.045833333333334,kumasi,24.2
2022-08-01,22.150000000000002,kumasi,22.9
2022-08-02,23.09166666666667,kumasi,23.3
2022-08-03,24.025000000000002,kumasi,23.8
2022-08-04,23.675,kumasi,23.8
2022-08-05,23.520833333333332,kumasi,24.2
2022-08-06,23.733333333333334,kumasi,26.1
2022-08-07,23.991666666666664,kumasi,26.6
2022-08-08,24.5125,kumasi,25.0
2022-08-09,24.666666666666668,kumasi,25.8
2022-08-10,24.7,kumasi,24.9
2022-08-11,25.329166666666666,kumasi,24.9
2022-08-12,24.575,kumasi,26.1
2022-08-13,24.679166666666664,kumasi,25.0
2022-08-14,23.7,kumasi,23.7
2022-08-15,22.587500000000002,kumasi,22.6
2022-08-16,24.554166666666664,kumasi,24.5
2022-08-17,24.883333333333336,kumasi,26.1
2022-08-18,24.3875,kumasi,24.8
2022-08-19,22.670833333333334,kumasi,22.9
2022-08-20,24.504166666666666,kumasi,24.8
2022-08-21,25.462500000000002,kumasi,27.3
2022-08-22,24.337500000000002,kumasi,24.7
2022-08-23,22.645833333333332,kumasi,23.8
2022-08-24,24.479166666666668,kumasi,24.6
2022-08-25,25.0125,kumasi,25.7
2022-08-26,24.295833333333334,kumasi,25.2
2022-08-27,22.0125,kumasi,22.1
2022-08-28,23.395833333333332,kumasi,23.4
2022-08-29,24.670833333333334,kumasi,25.1
2022-08-30,24.45,kumasi,23.5
2022-08-31,22.979166666666668,kumasi,22.9
2022-09-01,24.087500000000002,kumasi,24.2
2022-09-02,24.645833333333332,kumasi,25.6
2022-09-03,24.25,kumasi,25.1
2022-09-04,23.883333333333336,kumasi,24.1
2022-09-05,23.78333333333333,kumasi,24.2
2022-09-06,24.125,kumasi,25.7
2022-09-07,24.445833333333336,kumasi,24.7
2022-09-08,24.308333333333334,kumasi,24.4
2022-09-09,23.900000000000002,kumasi,24.1
2022-09-10,24.483333333333334,kumasi,24.6
2022-09-11,24.854166666666668,kumasi,24.8
2022-09-12,22.84583333333333,kumasi,24.3
2022-09-13,24.78333333333333,kumasi,25.2
2022-09-14,25.083333333333332,kumasi,25.8
2022-09-15,24.1875,kumasi,24.0
2022-09-16,22.75,kumasi,22.8
2022-09-17,24.40833333333333,kumasi,24.7
2022-09-18,24.041666666666668,kumasi,25.7
2022-09-19,23.145833333333332,kumasi,25.3
2022-09-20,23.170833333333334,kumasi,25.2
2022-09-21,24.03333333333333,kumasi,25.6
2022-09-22,23.670833333333334,kumasi,24.4
2022-09-23,24.116666666666664,kumasi,25.6
2022-09-24,24.0625,kumasi,24.2
2022-09-25,24.3125,kumasi,25.5
2022-09-26,22.212500000000002,kumasi,24.7
2022-09-27,22.829166666666666,kumasi,24.3
2022-09-28,22.2,kumasi,23.6
2022-09-29,23.504166666666666,kumasi,24.6
2022-09-30,24.162499999999998,kumasi,24.8
2022-10-01,22.754166666666666,kumasi,24.7
2022-10-02,23.5625,kumasi,23.6
2022-10-03,24.3875,kumasi,25.5
2022-10-04,24.420833333333334,kumasi,24.5
2022-10-05,24.304166666666664,kumasi,25.1
2022-10-06,24.495833333333334,kumasi,24.4
2022-10-07,23.191666666666666,kumasi,23.9
2022-10-08,23.354166666666668,kumasi,23.9
2022-10-09,23.941666666666666,kumasi,24.2
2022-10-10,23.28333333333333,kumasi,23.5
2022-10-11,24.05,kumasi,26.9
2022-10-12,24.491666666666664,kumasi,25.6
2022-10-13,23.916666666666668,kumasi,25.2
2022-10-14,23.6375,kumasi,28.2
2022-10-15,23.854166666666668,kumasi,25.7
2022-10-16,24.854166666666668,kumasi,25.5
2022-10-17,24.775000000000002,kumasi,24.9
2022-10-18,24.925,kumasi,25.0
2022-10-19,24.291666666666668,kumasi,25.7
2022-10-20,24.71666666666667,kumasi,25.2
2022-10-21,24.474999999999998,kumasi,26.8
2022-10-22,24.791666666666668,kumasi,26.6
2022-10-23,24.929166666666664,kumasi,25.3
2022-10-24,25.366666666666664,kumasi,25.3
2022-10-25,24.90416666666667,kumasi,27.3
2022-10-26,25.604166666666668,kumasi,27.6
2022-10-27,25.90416666666667,kumasi,28.2
2022-10-28,25.59583333333333,kumasi,25.3
2022-10-29,24.96666666666667,kumasi,25.6
2022-10-30,25.745833333333334,kumasi,26.1
2022-10-31,25.333333333333332,kumasi,28.7
2022-11-01,24.854166666666668,kumasi,29.1
2022-11-02,25.141666666666666,kumasi,27.6
2022-11-03,25.695833333333336,kumasi,27.2
2022-11-04,25.183333333333334,kumasi,27.8
2022-11-05,25.875,kumasi,30.5
2022-11-06,25.041666666666668,kumasi,26.3
2022-11-07,25.820833333333336,kumasi,25.9
2022-11-08,25.858333333333334,kumasi,27.8
2022-11-09,25.183333333333334,kumasi,25.3
2022-11-10,24.458333333333332,kumasi,28.1
2022-11-11,23.916666666666668,kumasi,25.2
2022-11-12,24.316666666666666,kumasi,26.2
2022-11-13,24.358333333333334,kumasi,24.7
2022-11-14,25.03333333333333,kumasi,26.8
2022-11-15,25.879166666666666,kumasi,27.7
2022-11-16,25.53333333333333,kumasi,26.0
2022-11-17,25.45,kumasi,28.1
2022-11-18,25.75,kumasi,26.3
2022-11-19,24.6375,kumasi,29.2
2022-11-20,24.3125,kumasi,25.1
2022-11-21,25.537499999999998,kumasi,27.7
2022-11-22,25.8,kumasi,28.2
2022-11-23,25.058333333333334,kumasi,25.5
2022-11-24,25.058333333333334,kumasi,25.6
2022-11-25,25.9875,kumasi,27.1
2022-11-26,25.78333333333333,kumasi,28.0
2022-11-27,25.045833333333334,kumasi,25.8
2022-11-28,24.59583333333333,kumasi,24.6
2022-11-29,24.837500000000002,kumasi,27.2
2022-11-30,25.150000000000002,kumasi,28.4
2022-12-01,25.166666666666668,kumasi,25.6
2022-12-02,24.579166666666666,kumasi,26.9
2022-12-03,23.433333333333334,kumasi,23.9
2022-12-04,24.670833333333334,kumasi,26.9
2022-12-05,25.629166666666666,kumasi,29.4
2022-12-06,25.8,kumasi,26.2
2022-12-07,25.90416666666667,kumasi,28.3
2022-12-08,25.629166666666666,kumasi,25.8
2022-12-09,25.77916666666667,kumasi,27.4
2022-12-10,26.395833333333332,kumasi,26.5
2022-12-11,25.90833333333333,kumasi,27.5
2022-12-12,26.09166666666667,kumasi,28.3
2022-12-13,25.958333333333332,kumasi,26.3
2022-12-14,25.941666666666666,kumasi,27.6
2022-12-15,26.558333333333334,kumasi,28.7
2022-12-16,26.445833333333336,kumasi,26.4
2022-12-17,25.695833333333336,kumasi,27.1
2022-12-18,24.3875,kumasi,24.8
2022-12-19,25.349999999999998,kumasi,26.8
2022-12-20,25.929166666666664,kumasi,25.7
2022-12-21,25.9375,kumasi,27.8
2022-12-22,25.6125,kumasi,27.3
2022-12-23,25.266666666666666,kumasi,25.2
2022-12-24,24.400000000000002,kumasi,25.2
2022-12-25,24.90416666666667,kumasi,28.7
2022-12-26,25.495833333333334,kumasi,25.4
2022-12-27,26.016666666666666,kumasi,28.1
2022-12-28,26.554166666666664,kumasi,27.7
2022-12-29,25.933333333333334,kumasi,28.3
2022-12-30,26.516666666666666,kumasi,28.9
2022-12-31,25.695833333333336,kumasi,27.8
2019-01-02,27.325,takoradi,28.7
2019-01-03,27.075,takoradi,28.9
2019-01-06,27.204166666666666,takoradi,28.0
2019-01-07,26.479166666666668,takoradi,27.3
2019-01-08,26.916666666666668,takoradi,28.7
2019-01-09,26.6125,takoradi,28.9
2019-01-11,26.979166666666668,takoradi,28.4
2019-01-16,26.995833333333334,takoradi,29.7
2019-01-17,26.59166666666667,takoradi,28.4
2019-01-20,26.724999999999998,takoradi,29.4
2019-01-21,26.570833333333336,takoradi,28.2
2019-01-22,27.599999999999998,takoradi,29.3
2019-01-23,27.633333333333336,takoradi,28.3
2019-01-24,26.8125,takoradi,30.1
2019-01-25,27.025000000000002,takoradi,29.8
2019-01-26,27.320833333333336,takoradi,28.6
2019-01-29,27.02916666666667,takoradi,28.2
2019-01-30,26.891666666666666,takoradi,28.6
2019-02-03,26.212500000000002,takoradi,28.6
2019-02-04,26.879166666666666,takoradi,27.1
2019-02-05,27.05,takoradi,28.6
2019-02-06,27.245833333333334,takoradi,28.3
2019-02-09,27.604166666666668,takoradi,30.9
2019-02-11,28.025000000000002,takoradi,29.7
2019-02-12,28.05,takoradi,29.3
2019-02-14,27.616666666666664,takoradi,29.7
2019-02-16,28.020833333333332,takoradi,29.3
2019-02-17,27.795833333333334,takoradi,29.8
2019-02-18,27.575,takoradi,30.7
2019-02-20,28.083333333333332,takoradi,28.6
2019-02-21,27.870833333333334,takoradi,28.6
2019-02-22,28.224999999999998,takoradi,29.2
2019-02-26,26.95,takoradi,27.4
2019-02-28,27.6375,takoradi,29.3
2019-03-02,26.895833333333332,takoradi,28.4
2019-03-03,27.695833333333336,takoradi,28.7
2019-03-05,27.816666666666666,takoradi,28.8
2019-03-07,27.7375,takoradi,27.1
2019-03-11,27.349999999999998,takoradi,28.2
2019-03-12,28.412499999999998,takoradi,29.3
2019-03-13,28.445833333333336,takoradi,28.9
2019-03-15,27.575,takoradi,27.7
2019-03-18,27.516666666666666,takoradi,28.5
2019-03-20,27.729166666666668,takoradi,30.8
2019-03-21,27.40416666666667,takoradi,29.9
2019-03-22,27.75,takoradi,25.7
2019-03-23,27.599999999999998,takoradi,26.8
2019-03-24,28.47083333333333,takoradi,28.9
2019-03-25,27.795833333333334,takoradi,27.0
2019-03-26,27.59166666666667,takoradi,29.8
2019-03-28,28.25,takoradi,29.0
2019-04-01,27.833333333333332,takoradi,29.4
2019-04-04,27.9375,takoradi,29.6
2019-04-05,27.34583333333333,takoradi,28.6
2019-04-06,28.145833333333332,takoradi,29.2
2019-04-08,26.445833333333336,takoradi,27.2
2019-04-11,26.770833333333332,takoradi,27.3
2019-04-12,27.170833333333334,takoradi,28.9
2019-04-14,26.925,takoradi,29.1
2019-04-15,26.495833333333334,takoradi,29.6
2019-04-16,27.383333333333336,takoradi,29.8
2019-04-24,26.97083333333333,takoradi,28.8
2019-04-26,27.120833333333334,takoradi,28.2
2019-04-28,27.75,takoradi,29.7
2019-04-29,27.704166666666666,takoradi,30.3
2019-05-02,26.745833333333334,takoradi,27.8
2019-05-03,26.866666666666664,takoradi,28.4
2019-05-04,26.108333333333334,takoradi,27.4
2019-05-05,27.391666666666666,takoradi,29.1
2019-05-06,27.633333333333336,takoradi,29.6
2019-05-08,27.166666666666668,takoradi,28.1
2019-05-09,27.108333333333334,takoradi,29.7
2019-05-10,25.900000000000002,takoradi,28.3
2019-05-12,27.083333333333332,takoradi,29.1
2019-05-14,26.525000000000002,takoradi,27.9
2019-05-16,25.291666666666668,takoradi,26.9
2019-05-17,26.400000000000002,takoradi,29.7
2019-05-18,27.0625,takoradi,28.9
2019-05-19,26.420833333333334,takoradi,28.8
2019-05-23,25.854166666666668,takoradi,28.3
2019-05-24,27.008333333333336,takoradi,28.6
2019-05-29,26.162499999999998,takoradi,29.0
2019-06-02,25.933333333333334,takoradi,28.4
2019-06-03,26.495833333333334,takoradi,28.6
2019-06-05,24.941666666666666,takoradi,27.2
2019-06-06,26.379166666666666,takoradi,28.1
2019-06-08,25.704166666666666,takoradi,27.6
2019-06-09,26.15833333333333,takoradi,26.8
2019-06-10,26.195833333333336,takoradi,26.3
2019-06-14,25.09166666666667,takoradi,27.0
2019-06-17,25.516666666666666,takoradi,28.6
2019-06-18,25.8,takoradi,28.4
2019-06-19,25.8125,takoradi,27.9
2019-06-23,24.53333333333333,takoradi,26.2
2019-06-24,24.05,takoradi,25.5
2019-06-25,23.679166666666664,takoradi,24.3
2019-06-26,24.179166666666664,takoradi,27.3
2019-06-27,24.829166666666666,takoradi,26.8
2019-06-28,24.8125,takoradi,27.0
2019-06-29,24.875,takoradi,26.8
2019-07-01,25.195833333333336,takoradi,26.7
2019-07-02,25.59583333333333,takoradi,27.3
2019-07-03,25.525000000000002,takoradi,27.5
2019-07-06,25.195833333333336,takoradi,27.2
2019-07-08,24.333333333333332,takoradi,26.4
2019-07-11,24.84166666666667,takoradi,25.9
2019-07-13,24.166666666666668,takoradi,26.1
2019-07-14,23.8625,takoradi,25.2
2019-07-16,25.05,takoradi,26.6
2019-07-17,24.962500000000002,takoradi,26.8
2019-07-18,24.816666666666666,takoradi,25.9
2019-07-20,24.583333333333332,takoradi,25.6
2019-07-23,24.6375,takoradi,26.4
2019-07-25,24.770833333333332,takoradi,25.8
2019-07-27,25.09583333333333,takoradi,26.2
2019-07-31,24.46666666666667,takoradi,25.9
2019-08-03,24.670833333333334,takoradi,25.8
2019-08-04,24.212500000000002,takoradi,25.5
2019-08-05,24.4375,takoradi,26.2
2019-08-06,24.358333333333334,takoradi,25.8
2019-08-07,24.304166666666664,takoradi,24.8
2019-08-08,24.537499999999998,takoradi,25.3
2019-08-10,24.125,takoradi,25.9
2019-08-11,24.224999999999998,takoradi,25.6
2019-08-12,24.195833333333336,takoradi,24.8
2019-08-15,24.333333333333332,takoradi,25.8
2019-08-17,24.395833333333332,takoradi,26.1
2019-08-19,23.758333333333336,takoradi,26.0
2019-08-22,24.770833333333332,takoradi,26.2
2019-08-24,24.59166666666667,takoradi,25.1
2019-08-26,24.46666666666667,takoradi,26.7
2019-08-27,24.633333333333336,takoradi,26.1
2019-08-31,24.724999999999998,takoradi,26.1
2019-09-01,24.6375,takoradi,26.2
2019-09-05,24.912499999999998,takoradi,26.3
2019-09-12,24.904166666666665,takoradi,26.1
2019-09-15,25.054166666666664,takoradi,26.3
2019-09-16,25.3125,takoradi,27.2
2019-09-25,25.883333333333336,takoradi,27.5
2019-09-26,25.90833333333333,takoradi,27.6
2019-09-28,25.09583333333333,takoradi,26.2
2019-09-29,25.34166666666667,takoradi,27.4
2019-10-05,24.525000000000002,takoradi,27.2
2019-10-06,24.645833333333332,takoradi,26.2
2019-10-10,25.52916666666667,takoradi,26.7
2019-10-13,24.325,takoradi,26.6
2019-10-14,25.2375,takoradi,26.8
2019-10-16,25.420833333333334,takoradi,27.3
2019-10-25,25.65833333333333,takoradi,28.2
2019-10-31,25.599999999999998,takoradi,28.4
2019-11-01,25.833333333333332,takoradi,28.4
2019-11-02,25.77916666666667,takoradi,26.0
2019-11-04,25.820833333333336,takoradi,30.1
2019-11-08,26.212500000000002,takoradi,28.7
2019-11-14,25.325,takoradi,28.1
2019-11-15,26.28333333333333,takoradi,29.1
2019-11-16,26.266666666666666,takoradi,29.3
2019-11-17,26.6125,takoradi,28.1
2019-11-18,26.875,takoradi,29.8
2019-11-19,26.933333333333334,takoradi,29.9
2019-11-20,26.6375,takoradi,30.1
2019-11-22,26.433333333333334,takoradi,28.1
2019-11-24,26.791666666666668,takoradi,28.9
2019-11-25,26.7625,takoradi,30.3
2019-11-28,26.97083333333333,takoradi,28.7
2019-11-29,27.108333333333334,takoradi,29.4
2019-11-30,27.537499999999998,takoradi,28.8
2019-12-03,27.208333333333332,takoradi,28.8
2019-12-04,26.979166666666668,takoradi,28.4
2019-12-05,26.370833333333334,takoradi,28.7
2019-12-08,26.608333333333334,takoradi,27.7
2019-12-09,26.608333333333334,takoradi,29.2
2019-12-10,26.541666666666668,takoradi,29.5
2019-12-12,26.3125,takoradi,28.0
2019-12-13,26.679166666666664,takoradi,28.9
2019-12-14,27.150000000000002,takoradi,30.2
2019-12-16,27.2375,takoradi,28.6
2019-12-17,27.316666666666666,takoradi,28.7
2019-12-21,27.150000000000002,takoradi,29.2
2019-12-23,27.120833333333334,takoradi,29.6
2019-12-25,26.804166666666664,takoradi,30.6
2019-12-27,27.150000000000002,takoradi,29.1
2019-12-30,27.65416666666667,takoradi,30.1
2019-12-31,27.179166666666664,takoradi,29.8
2022-01-01,26.620833333333334,takoradi,27.6
2022-01-02,26.1875,takoradi,27.2
2022-01-03,26.287499999999998,takoradi,26.8
2022-01-04,25.708333333333332,takoradi,26.0
2022-01-05,26.745833333333334,takoradi,27.3
2022-01-06,26.95,takoradi,27.7
2022-01-07,27.245833333333334,takoradi,27.8
2022-01-08,26.3625,takoradi,27.2
2022-01-09,27.295833333333334,takoradi,27.8
2022-01-10,26.724999999999998,takoradi,27.8
2022-01-11,27.525000000000002,takoradi,27.8
2022-01-12,27.241666666666664,takoradi,28.0
2022-01-13,26.2,takoradi,27.2
2022-01-14,26.175,takoradi,27.3
2022-01-15,26.675,takoradi,27.4
2022-01-16,27.170833333333334,takoradi,27.5
2022-01-17,26.604166666666668,takoradi,30.1
2022-01-18,26.170833333333334,takoradi,26.7
2022-01-19,25.900000000000002,takoradi,27.8
2022-01-20,26.070833333333336,takoradi,27.1
2022-01-21,25.570833333333336,takoradi,30.1
2022-01-22,26.045833333333334,takoradi,27.6
2022-01-23,26.833333333333332,takoradi,27.2
2022-01-24,26.84583333333333,takoradi,27.9
2022-01-25,26.099999999999998,takoradi,27.8
2022-01-26,25.96666666666667,takoradi,27.0
2022-01-27,26.504166666666666,takoradi,28.0
2022-01-28,26.016666666666666,takoradi,27.1
2022-01-29,27.1125,takoradi,27.3
2022-01-30,26.891666666666666,takoradi,27.4
2022-01-31,26.84166666666667,takoradi,27.4
2022-02-01,26.09583333333333,takoradi,27.2
2022-02-02,26.741666666666664,takoradi,30.5
2022-02-03,26.941666666666666,takoradi,27.2
2022-02-04,26.8875,takoradi,27.4
2022-02-05,26.90833333333333,takoradi,27.7
2022-02-06,25.804166666666664,takoradi,26.9
2022-02-07,26.620833333333334,takoradi,29.7
2022-02-08,26.28333333333333,takoradi,30.1
2022-02-09,27.175,takoradi,27.6
2022-02-10,27.1125,takoradi,28.0
2022-02-11,27.287499999999998,takoradi,28.1
2022-02-12,26.329166666666666,takoradi,29.5
2022-02-13,26.2375,takoradi,26.7
2022-02-14,25.837500000000002,takoradi,26.7
2022-02-15,25.795833333333334,takoradi,26.9
2022-02-16,27.037499999999998,takoradi,27.8
2022-02-17,26.77916666666667,takoradi,28.6
2022-02-18,25.875,takoradi,27.0
2022-02-19,26.554166666666664,takoradi,27.4
2022-02-20,26.958333333333332,takoradi,27.1
2022-02-21,26.641666666666666,takoradi,28.4
2022-02-22,27.233333333333334,takoradi,28.4
2022-02-23,26.90416666666667,takoradi,27.4
2022-02-24,27.175,takoradi,29.6
2022-02-25,27.15416666666667,takoradi,28.6
2022-02-26,27.258333333333336,takoradi,29.3
2022-02-27,26.633333333333336,takoradi,29.1
2022-02-28,26.925,takoradi,28.6
2022-03-01,27.75,takoradi,28.8
2022-03-02,26.625,takoradi,26.8
2022-03-03,27.270833333333332,takoradi,28.1
2022-03-04,27.170833333333334,takoradi,28.6
2022-03-05,26.5,takoradi,28.1
2022-03-06,26.77916666666667,takoradi,27.8
2022-03-07,26.78333333333333,takoradi,27.4
2022-03-08,27.09583333333333,takoradi,29.2
2022-03-09,27.058333333333334,takoradi,29.9
2022-03-10,27.1375,takoradi,30.0
2022-03-11,26.929166666666664,takoradi,27.2
2022-03-12,26.754166666666666,takoradi,27.3
2022-03-13,27.0625,takoradi,27.5
2022-03-14,26.204166666666666,takoradi,28.0
2022-03-15,26.6125,takoradi,26.8
2022-03-16,27.333333333333332,takoradi,28.6
2022-03-17,27.77916666666667,takoradi,28.6
2022-03-18,27.40416666666667,takoradi,29.8
2022-03-19,27.787499999999998,takoradi,30.2
2022-03-20,26.90416666666667,takoradi,29.5
2022-03-21,27.441666666666666,takoradi,28.9
2022-03-22,26.808333333333334,takoradi,29.0
2022-03-23,27.895833333333332,takoradi,30.4
2022-03-24,27.150000000000002,takoradi,29.3
2022-03-25,27.3625,takoradi,29.9
2022-03-26,26.587500000000002,takoradi,28.8
2022-03-27,27.4875,takoradi,29.6
2022-03-28,27.745833333333334,takoradi,30.3
2022-03-29,27.695833333333336,takoradi,28.2
2022-03-30,27.895833333333332,takoradi,28.1
2022-03-31,27.974999999999998,takoradi,30.8
2022-04-01,27.1875,takoradi,27.8
2022-04-02,27.583333333333332,takoradi,27.5
2022-04-03,27.9875,takoradi,30.0
2022-04-04,27.645833333333332,takoradi,28.7
2022-04-05,28.025000000000002,takoradi,29.7
2022-04-06,27.09583333333333,takoradi,27.8
2022-04-07,26.166666666666668,takoradi,26.5
2022-04-08,26.65833333333333,takoradi,26.9
2022-04-09,27.1375,takoradi,28.4
2022-04-10,27.795833333333334,takoradi,29.4
2022-04-11,28.075,takoradi,29.1
2022-04-12,26.054166666666664,takoradi,26.5
2022-04-13,26.21666666666667,takoradi,27.3
2022-04-14,26.90416666666667,takoradi,28.4
2022-04-15,25.866666666666664,takoradi,27.1
2022-04-16,24.900000000000002,takoradi,26.4
2022-04-17,25.90416666666667,takoradi,27.8
2022-04-18,24.40833333333333,takoradi,26.3
2022-04-19,26.170833333333334,takoradi,28.8
2022-04-20,26.829166666666666,takoradi,28.1
2022-04-21,25.341666666666665,takoradi,26.4
2022-04-22,26.558333333333334,takoradi,26.6
2022-04-23,27.775000000000002,takoradi,29.4
2022-04-24,26.65833333333333,takoradi,28.6
2022-04-25,26.629166666666666,takoradi,28.2
2022-04-26,27.15833333333333,takoradi,27.3
2022-04-27,26.808333333333334,takoradi,28.9
2022-04-28,24.40833333333333,takoradi,28.3
2022-04-29,26.087500000000002,takoradi,29.1
2022-04-30,25.96666666666667,takoradi,28.4
2022-05-01,26.46666666666667,takoradi,28.2
2022-05-02,27.195833333333336,takoradi,29.5
2022-05-03,27.483333333333334,takoradi,28.8
2022-05-04,27.141666666666666,takoradi,29.0
2022-05-05,26.829166666666666,takoradi,29.9
2022-05-06,26.058333333333334,takoradi,27.3
2022-05-07,26.46666666666667,takoradi,27.8
2022-05-08,26.291666666666668,takoradi,27.2
2022-05-09,25.729166666666668,takoradi,28.3
2022-05-10,26.162499999999998,takoradi,28.1
2022-05-11,26.041666666666668,takoradi,27.6
2022-05-12,26.65833333333333,takoradi,28.7
2022-05-13,26.870833333333334,takoradi,29.2
2022-05-14,26.150000000000002,takoradi,26.6
2022-05-15,26.8625,takoradi,28.7
2022-05-16,26.508333333333336,takoradi,27.3
2022-05-17,26.6875,takoradi,29.0
2022-05-18,26.8875,takoradi,27.4
2022-05-19,26.520833333333332,takoradi,28.7
2022-05-20,25.016666666666666,takoradi,28.1
2022-05-21,24.420833333333334,takoradi,26.1
2022-05-22,23.483333333333334,takoradi,25.0
2022-05-23,24.983333333333334,takoradi,25.5
2022-05-24,24.7625,takoradi,26.4
2022-05-25,24.741666666666664,takoradi,26.5
2022-05-27,25.52916666666667,takoradi,27.4
2022-05-28,25.712500000000002,takoradi,28.0
2022-05-29,25.724999999999998,takoradi,27.9
2022-05-30,26.108333333333334,takoradi,28.7
2022-05-31,25.733333333333334,takoradi,25.9
2022-06-01,25.991666666666664,takoradi,27.4
2022-06-02,26.125,takoradi,27.2
2022-06-03,25.233333333333334,takoradi,26.2
2022-06-04,25.40416666666667,takoradi,27.6
2022-06-05,24.7375,takoradi,25.7
2022-06-06,25.116666666666664,takoradi,26.9
2022-06-07,25.84583333333333,takoradi,26.4
2022-06-08,25.616666666666664,takoradi,26.8
2022-06-09,25.620833333333334,takoradi,29.0
2022-06-10,23.941666666666666,takoradi,25.5
2022-06-11,24.724999999999998,takoradi,25.3
2022-06-12,25.77916666666667,takoradi,27.5
2022-06-13,26.208333333333332,takoradi,27.6
2022-06-14,25.854166666666668,takoradi,28.0
2022-06-15,24.22083333333333,takoradi,25.0
2022-06-16,22.920833333333334,takoradi,26.8
2022-06-17,23.695833333333336,takoradi,24.4
2022-06-18,24.116666666666664,takoradi,26.6
2022-06-19,24.45,takoradi,26.9
2022-06-20,24.28333333333333,takoradi,26.2
2022-06-21,24.083333333333332,takoradi,25.3
2022-06-22,24.004166666666666,takoradi,25.0
2022-06-23,24.504166666666666,takoradi,26.2
2022-06-24,24.520833333333332,takoradi,25.9
2022-06-25,23.712500000000002,takoradi,24.3
2022-06-26,25.291666666666668,takoradi,27.3
2022-06-27,25.46666666666667,takoradi,26.0
2022-06-28,25.8625,takoradi,27.9
2022-06-29,24.270833333333332,takoradi,24.7
2022-06-30,22.9875,takoradi,24.0
2022-07-01,23.962500000000002,takoradi,24.8
2022-07-02,25.40833333333333,takoradi,26.0
2022-07-03,24.954166666666666,takoradi,27.4
2022-07-04,24.995833333333334,takoradi,26.3
2022-07-05,24.308333333333334,takoradi,25.0
2022-07-06,24.95,takoradi,26.5
2022-07-07,25.483333333333334,takoradi,27.1
2022-07-08,25.020833333333332,takoradi,26.8
2022-07-09,24.849999999999998,takoradi,27.4
2022-07-10,25.21666666666667,takoradi,26.2
2022-07-11,25.25,takoradi,26.5
2022-07-12,24.695833333333336,takoradi,26.0
2022-07-13,25.47083333333333,takoradi,26.3
2022-07-14,25.150000000000002,takoradi,26.7
2022-07-15,24.704166666666666,takoradi,24.7
2022-07-16,24.9875,takoradi,25.8
2022-07-17,25.1875,takoradi,25.4
2022-07-18,24.78333333333333,takoradi,25.9
2022-07-19,24.462500000000002,takoradi,24.9
2022-07-20,24.65416666666667,takoradi,25.7
2022-07-21,24.516666666666666,takoradi,25.7
2022-07-22,24.641666666666666,takoradi,25.0
2022-07-23,25.47083333333333,takoradi,25.4
2022-07-24,24.679166666666664,takoradi,25.9
2022-07-25,24.945833333333336,takoradi,25.1
2022-07-26,24.724999999999998,takoradi,24.9
2022-07-27,24.65416666666667,takoradi,24.9
2022-07-28,25.079166666666666,takoradi,25.3
2022-07-29,25.208333333333332,takoradi,25.3
2022-07-30,24.7,takoradi,25.1
2022-07-31,24.71666666666667,takoradi,24.5
2022-08-01,23.645833333333332,takoradi,24.5
2022-08-02,24.22083333333333,takoradi,25.1
2022-08-03,23.941666666666666,takoradi,25.0
2022-08-04,24.037499999999998,takoradi,23.9
2022-08-05,23.516666666666666,takoradi,24.7
2022-08-06,23.71666666666667,takoradi,25.0
2022-08-07,23.704166666666666,takoradi,25.4
2022-08-08,24.55,takoradi,25.9
2022-08-09,24.816666666666666,takoradi,25.6
2022-08-10,24.991666666666664,takoradi,24.3
2022-08-11,24.704166666666666,takoradi,25.6
2022-08-12,25.1125,takoradi,24.2
2022-08-13,25.129166666666666,takoradi,25.8
2022-08-14,24.27916666666667,takoradi,25.2
2022-08-15,24.075,takoradi,23.6
2022-08-16,23.962500000000002,takoradi,25.8
2022-08-17,23.724999999999998,takoradi,25.3
2022-08-18,24.02916666666667,takoradi,24.6
2022-08-19,24.116666666666664,takoradi,24.9
2022-08-20,23.808333333333334,takoradi,23.5
2022-08-21,23.84583333333333,takoradi,23.7
2022-08-22,24.2,takoradi,24.9
2022-08-23,23.995833333333334,takoradi,24.9
2022-08-24,23.78333333333333,takoradi,25.0
2022-08-25,23.8625,takoradi,25.0
2022-08-26,24.6375,takoradi,24.5
2022-08-27,23.65833333333333,takoradi,23.1
2022-08-28,23.854166666666668,takoradi,24.4
2022-08-29,23.5,takoradi,23.6
2022-08-30,24.320833333333336,takoradi,25.2
2022-08-31,24.1375,takoradi,24.3
2022-09-01,23.820833333333336,takoradi,25.6
2022-09-02,24.02916666666667,takoradi,25.1
2022-09-03,24.537499999999998,takoradi,24.9
2022-09-04,24.8,takoradi,25.0
2022-09-05,23.775000000000002,takoradi,24.5
2022-09-06,24.212500000000002,takoradi,25.7
2022-09-07,24.27916666666667,takoradi,26.2
2022-09-08,24.34583333333333,takoradi,24.9
2022-09-09,24.675,takoradi,25.0
2022-09-10,24.5,takoradi,24.9
2022-09-11,24.65833333333333,takoradi,24.8
2022-09-12,24.59166666666667,takoradi,26.2
2022-09-13,24.391666666666666,takoradi,25.8
2022-09-14,24.349999999999998,takoradi,27.2
2022-09-15,24.412499999999998,takoradi,25.6
2022-09-16,24.541666666666668,takoradi,26.3
2022-09-17,24.325,takoradi,24.8
2022-09-18,24.59583333333333,takoradi,26.0
2022-09-19,23.662499999999998,takoradi,25.6
2022-09-20,23.754166666666666,takoradi,23.9
2022-09-21,24.46666666666667,takoradi,25.8
2022-09-22,24.2625,takoradi,25.1
2022-09-23,24.72083333333333,takoradi,26.3
2022-09-24,24.53333333333333,takoradi,24.9
2022-09-25,24.625,takoradi,26.8
2022-09-26,24.15833333333333,takoradi,25.8
2022-09-27,24.400000000000002,takoradi,25.9
2022-09-28,24.599999999999998,takoradi,25.9
2022-09-29,24.604166666666668,takoradi,25.2
2022-09-30,24.429166666666664,takoradi,25.2
2022-10-01,23.854166666666668,takoradi,25.5
2022-10-02,24.504166666666666,takoradi,26.1
2022-10-03,24.379166666666666,takoradi,26.8
2022-10-04,24.995833333333334,takoradi,25.6
2022-10-05,25.116666666666664,takoradi,27.0
2022-10-06,24.95,takoradi,25.4
2022-10-07,25.05,takoradi,26.9
2022-10-08,24.3875,takoradi,25.0
2022-10-09,24.900000000000002,takoradi,25.1
2022-10-10,24.27916666666667,takoradi,25.7
2022-10-11,25.129166666666666,takoradi,28.4
2022-10-12,25.525000000000002,takoradi,27.2
2022-10-13,25.25,takoradi,26.8
2022-10-14,24.920833333333334,takoradi,25.4
2022-10-15,24.916666666666668,takoradi,26.7
2022-10-16,24.90833333333333,takoradi,27.1
2022-10-17,25.145833333333332,takoradi,25.8
2022-10-18,25.491666666666664,takoradi,26.0
2022-10-19,24.958333333333332,takoradi,26.1
2022-10-20,25.34166666666667,takoradi,26.5
2022-10-21,25.145833333333332,takoradi,28.8
2022-10-22,25.287499999999998,takoradi,27.8
2022-10-23,25.65833333333333,takoradi,27.9
2022-10-24,26.016666666666666,takoradi,26.5
2022-10-25,25.599999999999998,takoradi,28.0
2022-10-26,25.787499999999998,takoradi,28.0
2022-10-27,26.195833333333336,takoradi,28.8
2022-10-28,26.162499999999998,takoradi,28.3
2022-10-29,25.520833333333332,takoradi,26.0
2022-10-30,25.95,takoradi,26.7
2022-10-31,26.15416666666667,takoradi,27.1
2022-11-01,25.554166666666664,takoradi,27.8
2022-11-02,25.641666666666666,takoradi,27.4
2022-11-03,26.420833333333334,takoradi,26.9
2022-11-04,25.991666666666664,takoradi,26.9
2022-11-05,25.7375,takoradi,29.3
2022-11-06,25.766666666666666,takoradi,28.4
2022-11-07,25.991666666666664,takoradi,28.5
2022-11-08,26.325,takoradi,28.5
2022-11-09,25.704166666666666,takoradi,28.3
2022-11-10,25.183333333333334,takoradi,28.3
2022-11-11,24.829166666666666,takoradi,25.4
2022-11-12,24.833333333333332,takoradi,27.7
2022-11-13,25.545833333333334,takoradi,26.1
2022-11-14,25.75,takoradi,26.3
2022-11-15,26.05,takoradi,27.5
2022-11-16,25.870833333333334,takoradi,27.7
2022-11-17,26.045833333333334,takoradi,27.7
2022-11-18,26.075,takoradi,27.5
2022-11-19,25.433333333333334,takoradi,28.7
2022-11-20,25.133333333333336,takoradi,26.2
2022-11-21,26.0625,takoradi,28.3
2022-11-22,26.241666666666664,takoradi,28.7
2022-11-23,25.8,takoradi,26.6
2022-11-24,25.616666666666664,takoradi,26.6
2022-11-25,26.875,takoradi,27.8
2022-11-26,26.558333333333334,takoradi,28.4
2022-11-27,26.108333333333334,takoradi,28.1
2022-11-28,25.09166666666667,takoradi,25.5
2022-11-29,25.0625,takoradi,28.8
2022-11-30,26.245833333333334,takoradi,29.2
2022-12-01,25.712500000000002,takoradi,28.3
2022-12-02,24.870833333333334,takoradi,27.7
2022-12-03,24.712500000000002,takoradi,25.1
2022-12-04,26.145833333333332,takoradi,26.4
2022-12-05,26.579166666666666,takoradi,29.7
2022-12-06,26.40416666666667,takoradi,28.4
2022-12-07,26.233333333333334,takoradi,28.4
2022-12-08,25.4375,takoradi,26.4
2022-12-09,26.229166666666668,takoradi,28.9
2022-12-10,26.224999999999998,takoradi,27.0
2022-12-11,26.150000000000002,takoradi,28.3
2022-12-12,26.229166666666668,takoradi,28.2
2022-12-13,26.166666666666668,takoradi,26.7
2022-12-14,26.474999999999998,takoradi,29.3
2022-12-15,26.641666666666666,takoradi,28.7
2022-12-16,25.879166666666666,takoradi,26.6
2022-12-17,25.633333333333336,takoradi,27.9
2022-12-18,25.22083333333333,takoradi,26.0
2022-12-19,25.879166666666666,takoradi,28.7
2022-12-20,26.316666666666666,takoradi,26.9
2022-12-21,26.054166666666664,takoradi,26.7
2022-12-22,26.070833333333336,takoradi,26.7
2022-12-23,24.958333333333332,takoradi,25.7
2022-12-24,26.141666666666666,takoradi,26.6
2022-12-25,25.545833333333334,takoradi,29.1
2022-12-26,25.787499999999998,takoradi,27.6
2022-12-27,25.724999999999998,takoradi,27.3
2022-12-28,26.349999999999998,takoradi,27.7
2022-12-29,26.8125,takoradi,27.4
2022-12-30,26.458333333333332,takoradi,29.8
2022-12-31,26.583333333333332,takoradi,28.9
2019-01-01,28.245833333333334,tema,29.8
2019-01-02,27.97083333333333,tema,29.3
2019-01-03,28.195833333333336,tema,28.8
2019-01-04,28.3,tema,29.3
2019-01-05,28.070833333333336,tema,29.7
2019-01-06,28.1125,tema,29.0
2019-01-07,27.979166666666668,tema,28.0
2019-01-08,27.925,tema,28.8
2019-01-09,27.849999999999998,tema,28.2
2019-01-10,28.183333333333334,tema,28.6
2019-01-11,28.058333333333334,tema,28.9
2019-01-12,28.366666666666664,tema,29.1
2019-01-13,28.21666666666667,tema,29.3
2019-01-14,28.212500000000002,tema,29.4
2019-01-15,28.179166666666664,tema,29.8
2019-01-16,28.354166666666668,tema,29.3
2019-01-17,28.09166666666667,tema,29.2
2019-01-18,28.025000000000002,tema,28.4
2019-01-19,28.241666666666664,tema,29.0
2019-01-20,28.195833333333336,tema,28.8
2019-01-21,28.21666666666667,tema,29.2
2019-01-22,28.170833333333334,tema,28.4
2019-01-23,28.458333333333332,tema,29.1
2019-01-24,27.7625,tema,28.5
2019-01-25,27.504166666666666,tema,28.7
2019-01-26,28.066666666666666,tema,28.9
2019-01-27,28.179166666666664,tema,28.4
2019-01-28,27.754166666666666,tema,28.7
2019-01-29,27.983333333333334,tema,29.1
2019-01-30,27.829166666666666,tema,27.8
2019-01-31,28.125,tema,28.6
2019-02-01,28.325,tema,29.0
2019-02-02,27.666666666666668,tema,28.4
2019-02-03,27.516666666666666,tema,28.8
2019-02-04,28.125,tema,28.9
2019-02-05,28.075,tema,29.6
2019-02-06,28.275000000000002,tema,29.3
2019-02-07,28.454166666666666,tema,28.9
2019-02-08,28.554166666666664,tema,28.9
2019-02-09,28.53333333333333,tema,29.2
2019-02-10,28.391666666666666,tema,29.1
2019-02-11,28.84583333333333,tema,29.8
2019-02-12,28.974999999999998,tema,30.2
2019-02-13,28.729166666666668,tema,29.4
2019-02-14,28.758333333333336,tema,29.7
2019-02-15,28.770833333333332,tema,29.9
2019-02-16,28.78333333333333,tema,30.3
2019-02-17,28.9875,tema,29.9
2019-02-18,29.133333333333336,tema,29.8
2019-02-19,28.474999999999998,tema,27.4
2019-02-20,28.875,tema,28.4
2019-02-21,29.025000000000002,tema,28.2
2019-02-22,29.22083333333333,tema,30.0
2019-02-23,29.104166666666668,tema,29.7
2019-02-24,28.662499999999998,tema,29.9
2019-02-25,28.245833333333334,tema,28.5
2019-02-26,28.3125,tema,28.4
2019-02-27,28.145833333333332,tema,29.0
2019-02-28,28.191666666666666,tema,28.2
2019-03-01,26.883333333333336,tema,26.4
2019-03-02,27.837500000000002,tema,27.8
2019-03-03,28.170833333333334,tema,28.6
2019-03-04,28.337500000000002,tema,29.3
2019-03-05,28.629166666666666,tema,29.0
2019-03-06,28.84166666666667,tema,28.8
2019-03-07,28.712500000000002,tema,27.9
2019-03-08,28.433333333333334,tema,29.3
2019-03-09,28.516666666666666,tema,29.8
2019-03-10,28.695833333333336,tema,29.4
2019-03-11,28.995833333333334,tema,29.9
2019-03-12,29.40833333333333,tema,30.9
2019-03-13,29.59583333333333,tema,29.2
2019-03-14,29.320833333333336,tema,30.2
2019-03-15,29.229166666666668,tema,29.1
2019-03-16,29.308333333333334,tema,30.2
2019-03-17,28.99166666666667,tema,29.3
2019-03-18,29.09166666666667,tema,28.8
2019-03-19,29.195833333333336,tema,29.8
2019-03-20,29.054166666666664,tema,29.8
2019-03-21,28.729166666666668,tema,30.3
2019-03-22,28.162499999999998,tema,27.6
2019-03-23,28.474999999999998,tema,28.1
2019-03-24,28.729166666666668,tema,28.8
2019-03-25,28.383333333333336,tema,28.2
2019-03-26,28.087500000000002,tema,29.3
2019-03-27,28.679166666666664,tema,29.6
2019-03-28,29.170833333333334,tema,29.7
2019-03-29,28.766666666666666,tema,30.2
2019-03-30,28.766666666666666,tema,30.4
2019-03-31,28.745833333333334,tema,30.0
2019-04-01,29.075,tema,29.8
2019-04-02,29.150000000000002,tema,30.0
2019-04-03,29.337500000000002,tema,30.3
2019-04-04,29.425,tema,30.2
2019-04-05,28.741666666666664,tema,28.6
2019-04-06,29.491666666666664,tema,29.7
2019-04-07,28.9375,tema,28.6
2019-04-08,27.916666666666668,tema,27.9
2019-04-09,27.662499999999998,tema,28.7
2019-04-10,27.9375,tema,29.7
2019-04-11,27.308333333333334,tema,27.6
2019-04-12,27.52916666666667,tema,28.0
2019-04-13,27.854166666666668,tema,28.4
2019-04-14,27.65833333333333,tema,27.8
2019-04-15,27.270833333333332,tema,27.0
2019-04-16,28.087500000000002,tema,29.1
2019-04-17,28.445833333333336,tema,28.9
2019-04-18,28.191666666666666,tema,28.6
2019-04-19,28.28333333333333,tema,29.2
2019-04-20,28.40416666666667,tema,28.9
2019-04-21,28.795833333333334,tema,29.3
2019-04-22,28.679166666666664,tema,29.8
2019-04-23,28.391666666666666,tema,30.1
2019-04-24,27.900000000000002,tema,28.9
2019-04-25,28.2625,tema,29.3
2019-04-26,28.204166666666666,tema,29.2
2019-04-27,28.183333333333334,tema,29.4
2019-04-28,28.59166666666667,tema,30.1
2019-04-29,28.7,tema,30.5
2019-04-30,28.504166666666666,tema,29.7
2019-05-01,28.125,tema,27.6
2019-05-02,28.162499999999998,tema,29.6
2019-05-03,28.175,tema,29.4
2019-05-04,27.795833333333334,tema,27.2
2019-05-05,28.46666666666667,tema,28.8
2019-05-06,28.916666666666668,tema,29.5
2019-05-07,29.020833333333332,tema,29.0
2019-05-08,28.608333333333334,tema,29.6
2019-05-09,28.541666666666668,tema,28.9
2019-05-10,27.704166666666666,tema,27.5
2019-05-11,27.4375,tema,27.8
2019-05-12,27.791666666666668,tema,28.0
2019-05-13,28.150000000000002,tema,26.1
2019-05-14,27.695833333333336,tema,27.8
2019-05-15,27.09583333333333,tema,27.1
2019-05-16,26.608333333333334,tema,26.8
2019-05-17,27.479166666666668,tema,28.4
2019-05-18,28.329166666666666,tema,29.1
2019-05-19,27.916666666666668,tema,28.9
2019-05-20,26.75,tema,25.4
2019-05-21,27.045833333333334,tema,26.9
2019-05-22,27.383333333333336,tema,28.7
2019-05-23,27.53333333333333,tema,29.2
2019-05-24,27.641666666666666,tema,28.0
2019-05-25,27.2375,tema,28.2
2019-05-26,27.391666666666666,tema,28.6
2019-05-27,26.6125,tema,26.7
2019-05-28,27.354166666666668,tema,27.7
2019-05-29,27.45,tema,26.5
2019-05-30,26.537499999999998,tema,28.1
2019-05-31,25.670833333333334,tema,26.1
2019-06-01,26.162499999999998,tema,26.4
2019-06-02,26.941666666666666,tema,27.4
2019-06-03,26.837500000000002,tema,28.1
2019-06-04,26.458333333333332,tema,26.6
2019-06-05,26.554166666666664,tema,27.1
2019-06-06,26.425,tema,26.9
2019-06-07,25.858333333333334,tema,24.4
2019-06-08,26.25,tema,26.9
2019-06-09,26.383333333333336,tema,27.1
2019-06-10,26.3625,tema,27.1
2019-06-11,26.1125,tema,26.4
2019-06-12,26.066666666666666,tema,27.3
2019-06-13,26.183333333333334,tema,26.9
2019-06-14,25.287499999999998,tema,26.4
2019-06-15,25.662499999999998,tema,25.7
2019-06-16,25.691666666666666,tema,27.2
2019-06-17,25.7625,tema,27.5
2019-06-18,25.916666666666668,tema,27.6
2019-06-19,26.125,tema,27.9
2019-06-20,26.108333333333334,tema,27.2
2019-06-21,26.041666666666668,tema,27.3
2019-06-22,26.166666666666668,tema,27.1
2019-06-23,25.820833333333336,tema,25.6
2019-06-24,25.791666666666668,tema,26.0
2019-06-25,24.84166666666667,tema,23.5
2019-06-26,24.84166666666667,tema,25.8
2019-06-27,25.191666666666666,tema,24.8
2019-06-28,24.995833333333334,tema,26.2
2019-06-29,25.120833333333334,tema,26.3
2019-06-30,25.27916666666667,tema,26.2
2019-07-01,25.479166666666668,tema,26.6
2019-07-02,25.65416666666667,tema,26.9
2019-07-03,25.704166666666666,tema,27.1
2019-07-04,25.745833333333334,tema,26.9
2019-07-05,25.495833333333334,tema,26.7
2019-07-06,25.479166666666668,tema,26.1
2019-07-07,25.6875,tema,26.9
2019-07-08,24.945833333333336,tema,24.5
2019-07-09,24.929166666666664,tema,25.3
2019-07-10,24.866666666666664,tema,25.2
2019-07-11,24.97083333333333,tema,25.7
2019-07-12,24.2,tema,25.4
2019-07-13,24.416666666666668,tema,25.8
2019-07-14,24.59583333333333,tema,25.7
2019-07-15,24.866666666666664,tema,25.4
2019-07-16,25.025000000000002,tema,25.9
2019-07-17,25.083333333333332,tema,26.4
2019-07-18,25.075,tema,25.9
2019-07-19,25.037499999999998,tema,26.1
2019-07-20,24.858333333333334,tema,25.7
2019-07-21,24.90833333333333,tema,25.8
2019-07-22,24.891666666666666,tema,26.2
2019-07-23,24.7625,tema,26.0
2019-07-24,24.895833333333332,tema,26.1
2019-07-25,25.208333333333332,tema,26.1
2019-07-26,25.175,tema,25.9
2019-07-27,25.087500000000002,tema,25.8
2019-07-28,25.083333333333332,tema,25.7
2019-07-29,25.09166666666667,tema,26.8
2019-07-30,24.995833333333334,tema,25.7
2019-07-31,24.95,tema,25.7
2019-08-01,24.974999999999998,tema,25.4
2019-08-02,24.45,tema,25.8
2019-08-03,24.479166666666668,tema,25.4
2019-08-04,24.2375,tema,25.5
2019-08-05,24.370833333333334,tema,25.8
2019-08-06,24.541666666666668,tema,25.9
2019-08-07,24.416666666666668,tema,25.3
2019-08-08,24.795833333333334,tema,25.6
2019-08-09,24.599999999999998,tema,25.1
2019-08-10,24.495833333333334,tema,24.8
2019-08-11,24.599999999999998,tema,25.6
2019-08-12,24.354166666666668,tema,25.3
2019-08-13,24.75,tema,24.8
2019-08-14,24.691666666666666,tema,25.6
2019-08-15,24.775000000000002,tema,25.2
2019-08-16,25.041666666666668,tema,26.2
2019-08-17,25.054166666666664,tema,26.2
2019-08-18,25.245833333333334,tema,25.8
2019-08-19,25.316666666666666,tema,25.8
2019-08-20,25.454166666666666,tema,25.8
2019-08-21,25.3,tema,25.7
2019-08-22,25.65416666666667,tema,25.9
2019-08-23,25.3125,tema,25.1
2019-08-24,25.212500000000002,tema,25.4
2019-08-25,25.15416666666667,tema,25.1
2019-08-26,25.03333333333333,tema,25.3
2019-08-27,25.329166666666666,tema,25.9
2019-08-28,25.349999999999998,tema,26.2
2019-08-29,25.579166666666666,tema,26.0
2019-08-30,25.991666666666664,tema,25.9
2019-08-31,25.150000000000002,tema,25.9
2019-09-01,25.004166666666666,tema,25.8
2019-09-02,25.079166666666666,tema,25.7
2019-09-03,25.375,tema,26.1
2019-09-04,25.379166666666666,tema,26.5
2019-09-05,25.599999999999998,tema,26.5
2019-09-06,25.766666666666666,tema,26.6
2019-09-07,25.150000000000002,tema,26.1
2019-09-08,25.175,tema,25.7
2019-09-09,25.170833333333334,tema,25.6
2019-09-10,25.375,tema,26.2
2019-09-11,25.395833333333332,tema,26.5
2019-09-12,24.775000000000002,tema,26.1
2019-09-13,24.9375,tema,25.8
2019-09-14,25.204166666666666,tema,26.3
2019-09-15,25.483333333333334,tema,26.6
2019-09-16,25.633333333333336,tema,27.2
2019-09-17,25.745833333333334,tema,27.3
2019-09-18,25.204166666666666,tema,26.3
2019-09-19,25.287499999999998,tema,26.1
2019-09-20,25.479166666666668,tema,26.5
2019-09-21,25.8,tema,26.4
2019-09-22,25.979166666666668,tema,26.9
2019-09-23,26.041666666666668,tema,27.1
2019-09-24,26.5125,tema,26.2
2019-09-25,26.52916666666667,tema,27.3
2019-09-26,26.65833333333333,tema,27.2
2019-09-27,25.820833333333336,tema,25.4
2019-09-28,26.041666666666668,tema,25.9
2019-09-29,25.941666666666666,tema,26.0
2019-09-30,26.066666666666666,tema,26.0
2019-10-01,25.75,tema,26.8
2019-10-02,25.370833333333334,tema,25.5
2019-10-03,25.704166666666666,tema,26.1
2019-10-04,25.858333333333334,tema,26.7
2019-10-05,25.1125,tema,26.5
2019-10-06,25.52916666666667,tema,26.8
2019-10-07,25.90416666666667,tema,26.8
2019-10-08,25.708333333333332,tema,26.8
2019-10-09,25.604166666666668,tema,26.4
2019-10-10,25.7625,tema,27.5
2019-10-11,25.712500000000002,tema,26.7
2019-10-12,25.104166666666668,tema,25.4
2019-10-13,25.504166666666666,tema,25.3
2019-10-14,26.03333333333333,tema,27.0
2019-10-15,26.1125,tema,26.7
2019-10-16,26.087500000000002,tema,27.8
2019-10-17,26.408333333333335,tema,27.4
2019-10-18,25.891666666666666,tema,26.0
2019-10-19,25.4375,tema,25.8
2019-10-20,25.8125,tema,27.1
2019-10-21,25.72083333333333,tema,26.7
2019-10-22,26.183333333333334,tema,27.2
2019-10-23,25.866666666666664,tema,27.4
2019-10-24,26.208333333333332,tema,27.7
2019-10-25,26.316666666666666,tema,26.9
2019-10-26,26.045833333333334,tema,27.1
2019-10-27,25.854166666666668,tema,27.6
2019-10-28,25.666666666666668,tema,25.5
2019-10-29,25.645833333333332,tema,26.0
2019-10-30,25.854166666666668,tema,27.6
2019-10-31,25.995833333333334,tema,27.3
2019-11-01,26.458333333333332,tema,28.2
2019-11-02,26.608333333333334,tema,28.3
2019-11-03,26.224999999999998,tema,27.1
2019-11-04,26.625,tema,28.1
2019-11-05,26.983333333333334,tema,28.6
2019-11-06,27.1125,tema,29.1
2019-11-07,27.170833333333334,tema,28.8
2019-11-08,27.15416666666667,tema,28.9
2019-11-09,27.558333333333334,tema,29.8
2019-11-10,27.145833333333332,tema,28.3
2019-11-11,26.929166666666664,tema,27.9
2019-11-12,27.358333333333334,tema,28.4
2019-11-13,27.245833333333334,tema,29.3
2019-11-14,27.070833333333336,tema,28.0
2019-11-15,27.34166666666667,tema,28.4
2019-11-16,27.46666666666667,tema,29.2
2019-11-17,27.912499999999998,tema,28.5
2019-11-18,27.9875,tema,28.9
2019-11-19,27.958333333333332,tema,29.1
2019-11-20,27.891666666666666,tema,29.6
2019-11-21,27.05,tema,25.7
2019-11-22,27.695833333333336,tema,26.2
2019-11-23,27.545833333333334,tema,28.5
2019-11-24,27.787499999999998,tema,28.8
2019-11-25,27.8625,tema,28.6
2019-11-26,28.116666666666664,tema,28.7
2019-11-27,28.070833333333336,tema,28.5
2019-11-28,28.108333333333334,tema,28.8
2019-11-29,28.05,tema,28.8
2019-11-30,28.458333333333332,tema,28.8
2019-12-01,28.412499999999998,tema,29.0
2019-12-02,28.27916666666667,tema,28.8
2019-12-03,28.545833333333334,tema,28.3
2019-12-04,28.229166666666668,tema,29.0
2019-12-05,28.070833333333336,tema,29.0
2019-12-06,28.099999999999998,tema,29.4
2019-12-07,27.816666666666666,tema,28.3
2019-12-08,27.90416666666667,tema,28.8
2019-12-09,27.941666666666666,tema,28.6
2019-12-10,28.016666666666666,tema,28.6
2019-12-11,27.90833333333333,tema,28.9
2019-12-12,27.775000000000002,tema,29.2
2019-12-13,27.849999999999998,tema,28.4
2019-12-14,28.02916666666667,tema,29.6
2019-12-15,27.879166666666666,tema,28.8
2019-12-16,27.9875,tema,29.1
2019-12-17,28.287499999999998,tema,29.6
2019-12-18,28.508333333333336,tema,28.6
2019-12-19,28.2375,tema,29.5
2019-12-20,28.650000000000002,tema,29.7
2019-12-21,28.645833333333332,tema,29.0
2019-12-22,28.224999999999998,tema,29.4
2019-12-23,28.233333333333334,tema,29.5
2019-12-24,27.0625,tema,28.1
2019-12-25,27.712500000000002,tema,29.4
2019-12-26,28.1125,tema,29.3
2019-12-27,28.245833333333334,tema,29.0
2019-12-28,28.395833333333332,tema,28.8
2019-12-29,28.504166666666666,tema,29.3
2019-12-30,28.287499999999998,tema,29.9
2019-12-31,28.045833333333334,tema,29.1
2022-01-01,27.84166666666667,tema,28.5
2022-01-02,27.695833333333336,tema,28.5
2022-01-03,27.729166666666668,tema,28.0
2022-01-04,27.412499999999998,tema,27.3
2022-01-05,28.09166666666667,tema,28.3
2022-01-06,28.008333333333336,tema,28.9
2022-01-07,28.650000000000002,tema,29.1
2022-01-08,28.212500000000002,tema,28.7
2022-01-09,28.4375,tema,28.8
2022-01-10,27.895833333333332,tema,28.6
2022-01-11,28.412499999999998,tema,28.7
2022-01-12,28.34583333333333,tema,28.7
2022-01-13,27.34583333333333,tema,27.8
2022-01-14,27.308333333333334,tema,28.0
2022-01-15,27.620833333333334,tema,27.8
2022-01-16,27.579166666666666,tema,28.0
2022-01-17,27.358333333333334,tema,27.9
2022-01-18,27.045833333333334,tema,27.8
2022-01-19,27.245833333333334,tema,27.6
2022-01-20,27.320833333333336,tema,27.8
2022-01-21,26.71666666666667,tema,27.5
2022-01-22,26.729166666666668,tema,28.4
2022-01-23,26.808333333333334,tema,27.8
2022-01-24,27.212500000000002,tema,28.1
2022-01-25,26.604166666666668,tema,28.2
2022-01-26,26.229166666666668,tema,27.3
2022-01-27,27.3875,tema,28.5
2022-01-28,27.304166666666664,tema,28.0
2022-01-29,27.3875,tema,28.0
2022-01-30,27.116666666666664,tema,27.6
2022-01-31,25.9875,tema,27.4
2022-02-01,26.412499999999998,tema,27.4
2022-02-02,26.879166666666666,tema,27.9
2022-02-03,28.008333333333336,tema,29.3
2022-02-04,28.054166666666664,tema,28.3
2022-02-05,27.837500000000002,tema,28.2
2022-02-06,27.72083333333333,tema,29.4
2022-02-07,27.96666666666667,tema,28.8
2022-02-08,27.900000000000002,tema,28.1
2022-02-09,28.320833333333336,tema,28.8
2022-02-10,28.175,tema,28.8
2022-02-11,28.354166666666668,tema,28.9
2022-02-12,27.770833333333332,tema,28.4
2022-02-13,28.21666666666667,tema,28.0
2022-02-14,27.53333333333333,tema,28.0
2022-02-15,28.15416666666667,tema,28.1
2022-02-16,27.891666666666666,tema,28.8
2022-02-17,27.974999999999998,tema,28.6
2022-02-18,27.495833333333334,tema,28.0
2022-02-19,27.483333333333334,tema,28.1
2022-02-20,27.537499999999998,tema,27.7
2022-02-21,27.429166666666664,tema,29.0
2022-02-22,27.625,tema,27.9
2022-02-23,27.462500000000002,tema,27.6
2022-02-24,27.52916666666667,tema,28.2
2022-02-25,27.7625,tema,28.0
2022-02-26,27.695833333333336,tema,28.4
2022-02-27,27.662499999999998,tema,27.9
2022-02-28,27.65416666666667,tema,27.9
2022-03-01,28.358333333333334,tema,28.9
2022-03-02,28.025000000000002,tema,28.0
2022-03-03,27.683333333333334,tema,28.9
2022-03-04,27.96666666666667,tema,28.5
2022-03-05,27.379166666666666,tema,27.7
2022-03-06,28.008333333333336,tema,28.3
2022-03-07,28.337500000000002,tema,28.6
2022-03-08,28.724999999999998,tema,29.6
2022-03-09,28.599999999999998,tema,29.3
2022-03-10,28.075,tema,28.2
2022-03-11,28.379166666666666,tema,28.8
2022-03-12,28.03333333333333,tema,28.3
2022-03-13,28.21666666666667,tema,28.6
2022-03-14,27.662499999999998,tema,28.6
2022-03-15,28.104166666666668,tema,27.2
2022-03-16,27.974999999999998,tema,28.2
2022-03-17,28.620833333333334,tema,28.8
2022-03-18,28.770833333333332,tema,30.2
2022-03-19,28.650000000000002,tema,30.3
2022-03-20,28.3125,tema,27.9
2022-03-21,28.554166666666664,tema,28.5
2022-03-22,28.208333333333332,tema,28.7
2022-03-23,28.995833333333334,tema,30.5
2022-03-24,28.104166666666668,tema,29.7
2022-03-25,28.72083333333333,tema,28.4
2022-03-26,28.8125,tema,28.4
2022-03-27,28.908333333333335,tema,28.7
2022-03-28,28.849999999999998,tema,30.7
2022-03-29,28.875,tema,29.0
2022-03-30,28.991666666666664,tema,29.1
2022-03-31,29.34583333333333,tema,30.4
2022-04-01,27.883333333333336,tema,28.4
2022-04-02,28.900000000000002,tema,28.7
2022-04-03,28.6375,tema,30.2
2022-04-04,27.962500000000002,tema,29.6
2022-04-05,28.46666666666667,tema,28.3
2022-04-06,27.59583333333333,tema,28.6
2022-04-07,27.45,tema,27.8
2022-04-08,27.916666666666668,tema,27.6
2022-04-09,27.84166666666667,tema,27.7
2022-04-10,28.179166666666664,tema,28.7
2022-04-11,28.920833333333334,tema,28.8
2022-04-12,27.441666666666666,tema,29.8
2022-04-13,26.97083333333333,tema,27.5
2022-04-14,27.09583333333333,tema,27.5
2022-04-15,27.349999999999998,tema,27.6
2022-04-16,26.650000000000002,tema,27.2
2022-04-17,27.375,tema,27.5
2022-04-18,26.166666666666668,tema,26.8
2022-04-19,27.1875,tema,27.8
2022-04-20,28.0625,tema,28.7
2022-04-21,26.554166666666664,tema,27.4
2022-04-22,27.65416666666667,tema,28.0
2022-04-23,28.412499999999998,tema,29.3
2022-04-24,27.4875,tema,27.9
2022-04-25,27.254166666666666,tema,28.4
2022-04-26,27.59166666666667,tema,27.9
2022-04-27,27.4875,tema,28.4
2022-04-28,26.666666666666668,tema,27.4
2022-04-29,27.745833333333334,tema,28.3
2022-04-30,26.979166666666668,tema,27.4
2022-05-01,28.066666666666666,tema,27.9
2022-05-02,28.349999999999998,tema,28.6
2022-05-03,28.604166666666668,tema,29.3
2022-05-04,27.754166666666666,tema,28.1
2022-05-05,27.72083333333333,tema,27.9
2022-05-06,27.474999999999998,tema,27.5
2022-05-07,26.820833333333336,tema,27.6
2022-05-08,27.820833333333336,tema,28.1
2022-05-09,27.508333333333336,tema,27.4
2022-05-10,27.679166666666664,tema,27.8
2022-05-11,27.5625,tema,29.6
2022-05-12,27.375,tema,29.3
2022-05-13,28.041666666666668,tema,29.4
2022-05-14,27.375,tema,28.0
2022-05-15,27.733333333333334,tema,28.3
2022-05-16,27.941666666666666,tema,28.2
2022-05-17,27.266666666666666,tema,29.2
2022-05-18,27.97083333333333,tema,28.0
2022-05-19,26.974999999999998,tema,28.3
2022-05-20,26.837500000000002,tema,27.4
2022-05-21,25.758333333333336,tema,26.3
2022-05-22,25.708333333333332,tema,26.0
2022-05-23,26.27916666666667,tema,26.7
2022-05-24,25.7625,tema,26.1
2022-05-25,25.745833333333334,tema,27.7
2022-05-26,26.108333333333334,tema,26.7
2022-05-27,26.258333333333336,tema,26.7
2022-05-28,26.462500000000002,tema,28.1
2022-05-29,26.554166666666664,tema,29.0
2022-05-30,26.629166666666666,tema,27.0
2022-05-31,26.491666666666664,tema,26.7
2022-06-01,27.0125,tema,27.4
2022-06-02,27.208333333333332,tema,27.7
2022-06-03,26.241666666666664,tema,26.9
2022-06-04,26.254166666666666,tema,27.6
2022-06-05,25.695833333333336,tema,26.4
2022-06-06,25.8,tema,26.3
2022-06-07,26.683333333333334,tema,27.2
2022-06-08,26.858333333333334,tema,28.6
2022-06-09,27.016666666666666,tema,29.4
2022-06-10,25.55,tema,26.0
2022-06-11,26.133333333333336,tema,26.9
2022-06-12,26.670833333333334,tema,27.8
2022-06-13,26.958333333333332,tema,28.1
2022-06-14,27.03333333333333,tema,28.2
2022-06-15,24.816666666666666,tema,25.3
2022-06-16,24.804166666666664,tema,25.1
2022-06-17,24.866666666666664,tema,25.6
2022-06-18,24.979166666666668,tema,25.0
2022-06-19,25.150000000000002,tema,26.2
2022-06-20,25.791666666666668,tema,27.1
2022-06-21,25.0625,tema,25.6
2022-06-22,24.925,tema,25.3
2022-06-23,25.554166666666664,tema,26.0
2022-06-24,25.583333333333332,tema,25.9
2022-06-25,25.295833333333334,tema,25.7
2022-06-26,25.52916666666667,tema,26.4
2022-06-27,25.895833333333332,tema,26.1
2022-06-28,26.120833333333334,tema,27.1
2022-06-29,25.683333333333334,tema,26.9
2022-06-30,24.287499999999998,tema,24.2
2022-07-01,24.662499999999998,tema,25.2
2022-07-02,25.416666666666668,tema,26.6
2022-07-03,25.516666666666666,tema,26.2
2022-07-04,25.479166666666668,tema,25.7
2022-07-05,25.166666666666668,tema,25.6
2022-07-06,25.46666666666667,tema,25.8
2022-07-07,25.662499999999998,tema,26.4
2022-07-08,25.554166666666664,tema,26.8
2022-07-09,25.366666666666664,tema,25.5
2022-07-10,25.375,tema,25.6
2022-07-11,25.3,tema,26.3
2022-07-12,25.179166666666664,tema,25.4
2022-07-13,25.3875,tema,25.6
2022-07-14,25.329166666666666,tema,26.2
2022-07-15,25.2375,tema,25.2
2022-07-16,25.275000000000002,tema,26.7
2022-07-17,25.245833333333334,tema,25.4
2022-07-18,24.808333333333334,tema,25.1
2022-07-19,24.633333333333336,tema,25.4
2022-07-20,24.55,tema,24.8
2022-07-21,24.47083333333333,tema,24.8
2022-07-22,24.7375,tema,25.0
2022-07-23,25.395833333333332,tema,25.3
2022-07-24,25.09166666666667,tema,25.6
2022-07-25,24.662499999999998,tema,24.8
2022-07-26,24.575,tema,25.7
2022-07-27,24.741666666666664,tema,24.6
2022-07-28,24.858333333333334,tema,26.1
2022-07-29,24.59166666666667,tema,24.7
2022-07-30,24.166666666666668,tema,24.1
2022-07-31,24.141666666666666,tema,24.1
2022-08-01,23.795833333333334,tema,23.7
2022-08-02,23.675,tema,23.6
2022-08-03,23.587500000000002,tema,23.8
2022-08-04,23.775000000000002,tema,23.5
2022-08-05,23.5625,tema,24.8
2022-08-06,23.462500000000002,tema,23.4
2022-08-07,23.724999999999998,tema,23.8
2022-08-08,24.354166666666668,tema,24.2
2022-08-09,24.34166666666667,tema,24.6
2022-08-10,24.875,tema,25.1
2022-08-11,24.620833333333334,tema,24.2
2022-08-12,24.525000000000002,tema,23.9
2022-08-13,24.491666666666664,tema,24.4
2022-08-14,23.916666666666668,tema,23.7
2022-08-15,23.4875,tema,23.4
2022-08-16,23.541666666666668,tema,24.4
2022-08-17,23.070833333333336,tema,24.3
2022-08-18,23.46666666666667,tema,24.7
2022-08-19,23.891666666666666,tema,23.8
2022-08-20,23.629166666666666,tema,23.7
2022-08-21,23.45,tema,25.2
2022-08-22,23.791666666666668,tema,25.3
2022-08-23,23.462500000000002,tema,23.7
2022-08-24,23.491666666666664,tema,23.3
2022-08-25,23.679166666666664,tema,23.6
2022-08-26,23.808333333333334,tema,24.4
2022-08-27,23.416666666666668,tema,23.0
2022-08-28,23.808333333333334,tema,24.4
2022-08-29,23.633333333333336,tema,24.1
2022-08-30,23.974999999999998,tema,24.2
2022-08-31,23.55,tema,24.1
2022-09-01,23.962500000000002,tema,24.4
2022-09-02,24.15416666666667,tema,25.8
2022-09-03,24.416666666666668,tema,24.9
2022-09-04,24.65416666666667,tema,25.6
2022-09-05,24.545833333333334,tema,25.0
2022-09-06,24.604166666666668,tema,25.3
2022-09-07,24.895833333333332,tema,25.8
2022-09-08,25.02916666666667,tema,25.5
2022-09-09,25.104166666666668,tema,26.0
2022-09-10,24.8875,tema,25.5
2022-09-11,24.929166666666664,tema,25.1
2022-09-12,24.4875,tema,24.6
2022-09-13,24.745833333333334,tema,24.3
2022-09-14,24.495833333333334,tema,25.8
2022-09-15,24.391666666666666,tema,24.5
2022-09-16,24.849999999999998,tema,25.2
2022-09-17,24.558333333333334,tema,24.8
2022-09-18,24.804166666666664,tema,25.1
2022-09-19,24.583333333333332,tema,24.8
2022-09-20,24.625,tema,25.3
2022-09-21,24.90416666666667,tema,26.6
2022-09-22,24.28333333333333,tema,25.8
2022-09-23,25.133333333333336,tema,25.8
2022-09-24,25.291666666666668,tema,25.4
2022-09-25,25.491666666666664,tema,26.2
2022-09-26,24.920833333333334,tema,25.2
2022-09-27,24.945833333333336,tema,25.9
2022-09-28,24.554166666666664,tema,25.0
2022-09-29,24.974999999999998,tema,25.2
2022-09-30,25.1875,tema,25.6
2022-10-01,24.941666666666666,tema,24.9
2022-10-02,24.933333333333334,tema,25.8
2022-10-03,25.141666666666666,tema,25.8
2022-10-04,25.583333333333332,tema,26.1
2022-10-05,25.745833333333334,tema,26.4
2022-10-06,25.59166666666667,tema,26.2
2022-10-07,25.695833333333336,tema,27.0
2022-10-08,25.46666666666667,tema,26.2
2022-10-09,25.545833333333334,tema,26.0
2022-10-10,25.070833333333336,tema,26.0
2022-10-11,25.979166666666668,tema,26.6
2022-10-12,25.77916666666667,tema,26.4
2022-10-13,26.05,tema,26.9
2022-10-14,25.525000000000002,tema,27.2
2022-10-15,25.641666666666666,tema,26.2
2022-10-16,25.395833333333332,tema,27.1
2022-10-17,26.3625,tema,28.0
2022-10-18,26.325,tema,27.1
2022-10-19,26.212500000000002,tema,26.8
2022-10-20,26.34166666666667,tema,26.9
2022-10-21,26.27916666666667,tema,27.7
2022-10-22,26.458333333333332,tema,28.1
2022-10-23,26.741666666666664,tema,27.5
2022-10-24,27.004166666666666,tema,27.8
2022-10-25,26.15416666666667,tema,26.9
2022-10-26,26.425,tema,27.2
2022-10-27,26.8625,tema,27.7
2022-10-28,26.954166666666666,tema,27.5
2022-10-29,27.03333333333333,tema,27.6
2022-10-30,26.995833333333334,tema,27.6
2022-10-31,27.34583333333333,tema,28.0
2022-11-01,27.116666666666664,tema,29.3
2022-11-02,27.349999999999998,tema,28.8
2022-11-03,27.629166666666666,tema,28.5
2022-11-04,27.429166666666664,tema,29.1
2022-11-05,27.504166666666666,tema,27.8
2022-11-06,27.65416666666667,tema,29.1
2022-11-07,27.379166666666666,tema,27.9
2022-11-08,27.883333333333336,tema,28.2
2022-11-09,27.479166666666668,tema,28.0
2022-11-10,27.037499999999998,tema,28.3
2022-11-11,26.4875,tema,26.7
2022-11-12,26.608333333333334,tema,27.8
2022-11-13,26.754166666666666,tema,27.2
2022-11-14,26.329166666666666,tema,27.4
2022-11-15,26.8125,tema,28.8
2022-11-16,27.34583333333333,tema,28.9
2022-11-17,27.304166666666664,tema,28.6
2022-11-18,27.3,tema,27.9
2022-11-19,26.9875,tema,27.7
2022-11-20,26.84583333333333,tema,27.2
2022-11-21,27.5625,tema,28.5
2022-11-22,27.329166666666666,tema,28.0
2022-11-23,27.25,tema,27.8
2022-11-24,27.425,tema,29.0
2022-11-25,27.84583333333333,tema,28.0
2022-11-26,27.770833333333332,tema,29.9
2022-11-27,27.508333333333336,tema,26.9
2022-11-28,27.445833333333336,tema,27.1
2022-11-29,26.8625,tema,27.4
2022-11-30,27.599999999999998,tema,28.1
2022-12-01,26.9875,tema,28.7
2022-12-02,27.041666666666668,tema,26.4
2022-12-03,25.875,tema,26.5
2022-12-04,27.224999999999998,tema,27.4
2022-12-05,27.758333333333336,tema,28.4
2022-12-06,27.629166666666666,tema,29.0
2022-12-07,27.22083333333333,tema,27.7
2022-12-08,27.27916666666667,tema,27.6
2022-12-09,27.71666666666667,tema,28.4
2022-12-10,27.575,tema,28.3
2022-12-11,27.8875,tema,28.9
2022-12-12,27.825,tema,28.6
2022-12-13,28.058333333333334,tema,27.8
2022-12-14,27.616666666666664,tema,29.4
2022-12-15,27.8125,tema,29.3
2022-12-16,27.370833333333334,tema,28.7
2022-12-17,27.416666666666668,tema,27.9
2022-12-18,27.704166666666666,tema,27.9
2022-12-19,27.4375,tema,27.8
2022-12-20,27.40416666666667,tema,27.9
2022-12-21,27.420833333333334,tema,28.2
2022-12-22,27.329166666666666,tema,28.7
2022-12-23,26.570833333333336,tema,27.1
2022-12-24,26.741666666666664,tema,27.4
2022-12-25,26.129166666666666,tema,27.2
2022-12-26,26.270833333333332,tema,27.6
2022-12-27,26.40416666666667,tema,26.3
2022-12-28,26.808333333333334,tema,27.8
2022-12-29,27.2375,tema,27.9
2022-12-30,26.962500000000002,tema,27.9
2022-12-31,27.195833333333336,tema,28.1
